{"format_version":"1.19.62","minecraft:entity":{"description":{"identifier":"pokemon:pikachu","is_spawnable":true,"is_summonable":true,"is_experimental":false,"properties":{"pokeb:shiny":{"type":"bool","default":false,"client_sync":true},"pokeb:gender":{"type":"enum","values":["male","female","genderless"],"default":"male","client_sync":true}}},"component_groups":{"despawn":{"minecraft:instant_despawn":{}},"persistent":{"minecraft:persistent":{}},"hide":{"minecraft:collision_box":{"width":0,"height":0},"minecraft:movement":{"value":0},"minecraft:pushable":{"is_pushable":false,"is_pushable_by_piston":false},"minecraft:scale":{"value":0}},"tamed":{"minecraft:is_tamed":{},"minecraft:persistent":{},"minecraft:sittable":{},"minecraft:behavior.follow_owner":{"priority":4,"speed_multiplier":1.5,"start_distance":6,"stop_distance":3},"minecraft:interact":{"interactions":[{"on_interact":{"filters":{"all_of":[{"test":"is_owner","subject":"other"},{"test":"has_equipment","domain":"hand","subject":"other","value":"pokeb:rare_candy"}]},"event":"engine:level_up","target":"self"},"interact_text":"Level Up Pokemon","cooldown":1,"use_item":true,"swing":false},{"on_interact":{"filters":{"all_of":[{"test":"is_owner","subject":"other"},{"test":"has_equipment","domain":"hand","subject":"other","value":"pokeb:thunder_stone"}]},"event":"engine:stone_interact_thunder-stone","target":"self"},"interact_text":"Evolve Pokemon","cooldown":50,"use_item":true,"swing":false}]}},"shiny":{"minecraft:skin_id":{"value":1},"minecraft:timer":{"looping":true,"randomInterval":true,"time":[0.5,1],"time_down_event":{"event":"engine:shiny_flare"}}},"evolve_pokemon:raichu":{"minecraft:transformation":{"into":"pokemon:raichu<pokemon:on_evolve>","begin_transform_sound":"gameplay.evolving","keep_owner":true,"delay":{"value":10}}}},"components":{"minecraft:type_family":{"family":["pokemon"]},"minecraft:skin_id":{"value":0},"minecraft:loot":{"table":"loot_tables/entities/pokemon/pikachu.json"},"minecraft:nameable":{"always_show":true,"allow_name_tag_renaming":false},"minecraft:collision_box":{"width":1,"height":1.5},"minecraft:health":{"value":999999,"max":999999},"minecraft:attack":{"damage":55},"minecraft:movement":{"value":0.3},"minecraft:damage_sensor":{"triggers":[{"on_damage":{"filters":{"test":"is_family","subject":"other","value":"player"}},"deals_damage":false},{"on_damage":{"filters":{"test":"has_damage","value":"fall"}},"deals_damage":false}]},"minecraft:jump.static":{},"minecraft:can_climb":{},"minecraft:physics":{},"minecraft:pushable":{"is_pushable":true,"is_pushable_by_piston":true},"minecraft:behavior.random_stroll":{"priority":10,"speed_multiplier":1},"minecraft:behavior.look_at_target":{"priority":0},"minecraft:behavior.random_look_around":{"priority":8},"minecraft:behavior.stay_while_sitting":{"priority":0},"minecraft:conditional_bandwidth_optimization":{},"minecraft:navigation.generic":{},"minecraft:movement.generic":{},"minecraft:breathable":{"total_supply":15,"suffocate_time":0,"breathes_water":false,"breathes_air":true,"generates_bubbles":true},"minecraft:behavior.float":{"priority":0}},"events":{"minecraft:entity_transformed":{},"despawn":{"add":{"component_groups":["despawn"]}},"hide":{"add":{"component_groups":["hide"]}},"show":{"remove":{"component_groups":["hide"]}},"engine:level_up":{},"engine:shiny_flare":{},"pokemon:make_shiny":{"add":{"component_groups":["shiny"]}},"pokemon:send_out":{"add":{"component_groups":["tamed"]}},"pokemon:on_evolve":{"add":{"component_groups":["tamed"]}},"evolve_pokemon:raichu":{"add":{"component_groups":["evolve_pokemon:raichu"]}},"engine:stone_interact_thunder-stone":{}}}}