{
  "format_version": "1.20.40",
  "minecraft:block": {
    "description": {
      "identifier": "pokeb:static_shrine",
      "menu_category": {
        "category": "nature"
      },
      "states": {
        "pokeb:has_orb": [false, true]
      },
      "traits": {
        "minecraft:placement_direction": {
          "enabled_states": ["minecraft:cardinal_direction"]
        }
      }
    },
    "permutations": [
      {
        "condition": "query.block_state('pokeb:has_orb') == true",
        "components": {
          "minecraft:material_instances": {
            "*": {
              "texture": "static_shrine_orb",
              "render_method": "alpha_test"
            }
          }
        }
      },
      {
        "condition": "query.block_state('pokeb:has_orb') == false",
        "components": {
          "minecraft:material_instances": {
            "*": {
              "texture": "static_shrine_no_orb",
              "render_method": "alpha_test"
            }
          }
        }
      },
      {
        "condition": "query.block_state ('minecraft:cardinal_direction') == 'north'",
        "components": {
          "minecraft:transformation": {
            "rotation": [0, 0, 0]
          }
        }
      },
      {
        "condition": "query.block_state ('minecraft:cardinal_direction') == 'south'",
        "components": {
          "minecraft:transformation": {
            "rotation": [0, 180, 0]
          }
        }
      },
      {
        "condition": "query.block_state ('minecraft:cardinal_direction') == 'west'",
        "components": {
          "minecraft:transformation": {
            "rotation": [0, 90, 0]
          }
        }
      },
      {
        "condition": "query.block_state ('minecraft:cardinal_direction') == 'east'",
        "components": {
          "minecraft:transformation": {
            "rotation": [0, -90, 0]
          }
        }
      }
    ],
    "components": {
      "minecraft:loot": "loot_tables/blocks/static_shrine.json",
      "minecraft:material_instances": {
        "*": {
          "texture": "static_shrine_no_orb",
          "render_method": "alpha_test"
        }
      },
      "minecraft:selection_box": {
        "origin": [-8, 0, -8],
        "size": [16, 16, 16]
      },
      "minecraft:collision_box": {
        "origin": [-8, 0, -8],
        "size": [16, 16, 16]
      },
      "minecraft:geometry": "geometry.bird_shrine",
      "minecraft:light_dampening": 0,
      "minecraft:destructible_by_mining": false
    },
    "events": {
      "pokeb:set_with_orb": {
        "set_block_state": {
          "pokeb:has_orb": true
        }
      },
      "pokeb:set_no_orb": {
        "set_block_state": {
          "pokeb:has_orb": false
        }
      }
    }
  }
}
