{
  "format_version": "1.13.0",
  "minecraft:feature_rules": {
    "description": {
      "identifier": "pokeb:bauxite_ore_feature_rule",
      "places_feature": "pokeb:bauxite_ore_feature"
    },
    "conditions": {
      "placement_pass": "underground_pass",
      "minecraft:biome_filter": {
        "any_of": [
          {
            "test": "has_biome_tag",
            "operator": "==",
            "value": "overworld"
          },
          {
            "test": "has_biome_tag",
            "operator": "==",
            "value": "overworld_generation"
          }
        ]
      }
    },
    "distribution": {
      "iterations": 10,
      "coordinate_eval_order": "zyx",
      "x": {
        "distribution": "uniform",
        "extent": [0, 16]
      },
      "y": {
        "distribution": "uniform",
        "extent": [0, 62]
      },
      "z": {
        "distribution": "uniform",
        "extent": [0, 16]
      }
    }
  }
}
