{
	"format_version": "1.17.0",
	"minecraft:feature_rules": {
		"description": {
			"identifier": "pokeb:blue_apricorn_tree_feature_rule",
			"places_feature": "pokeb:blue_apricorn_tree_feature"
		},
		"conditions": {
			"placement_pass": "surface_pass",
			"minecraft:biome_filter": {
				"any_of": [
					{
						"test": "has_biome_tag",
						"operator": "==",
						"value": "meadow"
					},
					{
						"test": "has_biome_tag",
						"operator": "==",
						"value": "flower_forest"
					}
				]
			}
		},
		"distribution": {
			"iterations": 1,
			"x": {
				"distribution": "uniform",
				"extent": [
					0,
					16
				]
			},
			"y": "query.heightmap(variable.worldx, variable.worldz)",
			"z": {
				"distribution": "uniform",
				"extent": [
					0,
					16
				]
			},
			"scatter_chance": 10
		}
	}
}