{
	"format_version": "1.17.0",
	"minecraft:feature_rules": {
		"description": {
			"identifier": "pokeb:dusk_stone_ore_feature_rule",
			"places_feature": "pokeb:dusk_stone_ore_feature"
		},
		"conditions": {
			"placement_pass": "underground_pass",
			"minecraft:biome_filter": {
				"any_of": [
					{
						"test": "has_biome_tag",
						"operator": "==",
						"value": "swamp"
					}
				]
			}
		},
		"distribution": {
			"iterations": 10,
			"coordinate_eval_order": "zyx",
			"x": {
			  "distribution": "uniform",
			  "extent": [0, 16]
			},
			"y": {
			  "distribution": "uniform",
			  "extent": [0, 62]
			},
			"z": {
			  "distribution": "uniform",
			  "extent": [0, 16]
			}
		  }
	}
}