{
  "format_version": "1.20.30",
  "minecraft:block": {
    "description": {
      "identifier": "pokeb:white_apricorn_leaves",
      "menu_category": {
        "group": "itemGroup.name.leaves",
        "category": "nature"
      },
      "states": {
        "pokeb:decay_tier": [4, 3, 2, 1, 0],
        "pokeb:should_decay": [true, false], 
        "pokeb:opaque": [false, true]
      }
    },
    "components": {
      "tag:custom_leaves": {},
      "minecraft:loot": "loot_tables/empty.json",
      "minecraft:unit_cube": {},
      "minecraft:on_player_placing": {
        "event": "pokeb:stop_decay"
      },
      "minecraft:on_player_destroyed": {
        "event": "pokeb:on_destroyed"
      },
      "minecraft:queued_ticking": {
        "looping": true,
        "interval_range": [0, 0],
        "on_tick": {
          "event": "pokeb:check"
        }
      },
      "minecraft:random_ticking": {
        "on_tick": {
          "event": "pokeb:check"
        }
      },
      "minecraft:destructible_by_explosion": {
        "explosion_resistance": 1
      },
      "minecraft:destructible_by_mining": {
        "seconds_to_destroy": 0.3
      },
      "minecraft:map_color": "#DDDDDD",
      "minecraft:light_dampening": 0,
      "minecraft:material_instances": {
        "*": {
          "texture": "white_apricorn_leaves",
          "render_method": "blend"
        }
      }
    },
    "events": {
      "pokeb:on_destroyed": {
        "sequence": [
          {
            "condition": "q.is_item_name_any('slot.weapon.mainhand','minecraft:shears')",
            "spawn_loot": {
              "table": "loot_tables/blocks/apricorn/leaves/shears/white_apricorn_leaf.json"
            }
          },
          {
            "condition": "!q.is_item_name_any('slot.weapon.mainhand','minecraft:shears')",
            "spawn_loot": {
              "table": "loot_tables/blocks/apricorn/leaves/white_apricorn_leaf.json"
            }
          }
        ]
      },
      "pokeb:check": {
        "sequence": [
          {
            "condition": "q.block_state('pokeb:should_decay')",
            "set_block_state": {
              "pokeb:decay_tier": "(q.block_neighbor_has_any_tag(0,0,-1,'pokeb:apricorn_log') || q.block_neighbor_has_any_tag(0,0,1,'pokeb:apricorn_log') || q.block_neighbor_has_any_tag(-1,0,0,'pokeb:apricorn_log') || q.block_neighbor_has_any_tag(1,0,0,'pokeb:apricorn_log') || q.block_neighbor_has_any_tag(0,-1,0,'pokeb:apricorn_log') || q.block_neighbor_has_any_tag(0,1,0,'pokeb:apricorn_log')) ? 4 : ((q.block_neighbor_has_any_tag(0,0,-1,'decay_tier_4') || q.block_neighbor_has_any_tag(0,0,1,'decay_tier_4') || q.block_neighbor_has_any_tag(-1,0,0,'decay_tier_4') || q.block_neighbor_has_any_tag(1,0,0,'decay_tier_4') || q.block_neighbor_has_any_tag(0,-1,0,'decay_tier_4') || q.block_neighbor_has_any_tag(0,1,0,'decay_tier_4')) ? 3 : ( (q.block_neighbor_has_any_tag(0,0,-1,'decay_tier_3') || q.block_neighbor_has_any_tag(0,0,1,'decay_tier_3 ') || q.block_neighbor_has_any_tag(-1,0,0,'decay_tier_3') || q.block_neighbor_has_any_tag(1,0,0,'decay_tier_3') || q.block_neighbor_has_any_tag(0,-1,0,'decay_tier_3') || q.block_neighbor_has_any_tag(0,1,0,'decay_tier_3')) ? 2 : ( (q.block_neighbor_has_any_tag(0,0,-1,'decay_tier_2') || q.block_neighbor_has_any_tag(0,0,1,'decay_tier_2') || q.block_neighbor_has_any_tag(-1,0,0,'decay_tier_2') || q.block_neighbor_has_any_tag(1,0,0,'decay_tier_2') || q.block_neighbor_has_any_tag(0,-1,0,'decay_tier_2') || q.block_neighbor_has_any_tag(0,1,0,'decay_tier_2')) ? 1 : 0 ) ) )"
            }
          },
          {
            "set_block_state": {
              "pokeb:opaque": "q.block_neighbor_has_any_tag(0,0,-1,'pokeb:apricorn_log','stone','custom_leaves') && q.block_neighbor_has_any_tag(0,0,1,'pokeb:apricorn_log','stone','custom_leaves') && q.block_neighbor_has_any_tag(0,1,0,'pokeb:apricorn_log','stone','custom_leaves') && q.block_neighbor_has_any_tag(0,-1,0,'pokeb:apricorn_log','stone','custom_leaves') && q.block_neighbor_has_any_tag(-1,0,0,'pokeb:apricorn_log','stone','custom_leaves') && q.block_neighbor_has_any_tag(1,0,0,'pokeb:apricorn_log','stone','custom_leaves')"
            }
          }
        ]
      },
      "pokeb:stop_decay": {
        "set_block_state": {
          "pokeb:should_decay": true
        }
      },
      "pokeb:decay": {
        "die": {},
        "spawn_loot": {
          "table": "loot_tables/blocks/apricorn/leaves/white_apricorn_leaf.json"
        }
      }
    },
    "permutations": [
      {
        "condition": "q.block_state('pokeb:decay_tier') == 0",
        "components": {
          "minecraft:random_ticking": {
            "on_tick": {
              "event": "pokeb:decay"
            }
          },
          "tag:decay_tier_0": {}
        }
      },
      {
        "condition": "q.block_state('pokeb:decay_tier') == 1",
        "components": {
          "tag:decay_tier_1": {}
        }
      },
      {
        "condition": "q.block_state('pokeb:decay_tier') == 2",
        "components": {
          "tag:decay_tier_2": {}
        }
      },
      {
        "condition": "q.block_state('pokeb:decay_tier') == 3",
        "components": {
          "tag:decay_tier_3": {}
        }
      },
      {
        "condition": "q.block_state('pokeb:decay_tier') == 4",
        "components": {
          "tag:decay_tier_4": {}
        }
      },
      {
        "condition": "q.block_state('pokeb:opaque')",
        "components": {
          "minecraft:material_instances": {
            "*": {
              "texture": "white_apricorn_leaves",
              "render_method": "opaque"
            }
          }
        }
      }
    ]
  }
}
