{
  "format_version": "1.20.10",
  "minecraft:block": {
    "description": {
      "identifier": "pokeb:apricorn_slab",
      "menu_category": {
        "category": "construction",
        "group": "itemGroup.name.slab"
      },
      "traits": {
        "minecraft:placement_position": {
          "enabled_states": ["minecraft:vertical_half"]
        }
      },
      "states": {
        "pokeb:double": [false, true]
      }
    },
    "permutations": [
      // Bottom Slab
      {
        "condition": "query.block_state('minecraft:vertical_half') == 'bottom' && !query.block_state('pokeb:double')",
        "components": {
          "minecraft:collision_box": {
            "origin": [-8, 0, -8],
            "size": [16, 8, 16]
          },
          "minecraft:selection_box": {
            "origin": [-8, 0, -8],
            "size": [16, 8, 16]
          },
          "minecraft:on_interact": {
            "event": "pokeb:full_slab",
            "condition": "q.block_face == 1.0 && q.is_item_name_any('slot.weapon.mainhand','pokeb:apricorn_slab')"
          }
        }
      },
      // Top Slab
      {
        "condition": "query.block_state('minecraft:vertical_half') == 'top' && !query.block_state('pokeb:double')",
        "components": {
          "minecraft:collision_box": {
            "origin": [-8, 8, -8],
            "size": [16, 8, 16]
          },
          "minecraft:selection_box": {
            "origin": [-8, 8, -8],
            "size": [16, 8, 16]
          },
          "minecraft:on_interact": {
            "event": "pokeb:full_slab",
            "condition": "q.block_face == 0.0 && q.is_item_name_any('slot.weapon.mainhand','pokeb:apricorn_slab')"
          }
        }
      },
      // Double Slab
      {
        "condition": "query.block_state('pokeb:double')",
        "components": {
          "minecraft:unit_cube": {},
          "minecraft:on_player_destroyed": {
            "event": "pokeb:double_destroy"
          }
        }
      }
    ],
    "components": {
      "minecraft:flammable": {
        "destroy_chance_modifier": 45,
        "catch_chance_modifier": 80
      },
      "minecraft:destructible_by_mining": {
        "seconds_to_destroy": 0.5
      },
      "minecraft:destructible_by_explosion": true,
      "minecraft:breathability": "solid",
      "tag:wood": {},
      "minecraft:geometry": {
        "identifier": "geometry.slab",
        "bone_visibility": {
          "bottom_slab": "query.block_state('minecraft:vertical_half') == 'bottom'",
          "top_slab": "query.block_state('minecraft:vertical_half') == 'top'"
        }
      },
      "minecraft:material_instances": {
        "*": {
          "texture": "apricorn_planks",
          "render_method": "opaque"
        }
      }
    },
    "events": {
      "pokeb:full_slab": {
        "set_block_state": {
          "pokeb:double": true
        },
        "run_command": {
          "command": "playsound step.wood @a ~~~ 0.7 1.5"
        },
        "decrement_stack": {}
      },
      "pokeb:double_destroy": {
        "spawn_loot": {} // Spawns the block's default loot
      }
    }
  }
}
