{
  "format_version": "1.16.100",
  "minecraft:block": {
    "description": {
      "identifier": "pokeb:apricorn_log",
      "states": {
        "wiki:facing_direction": [0, 1, 2]
      },
      "menu_category": {
        "category": "nature",
        "group": "itemGroup.name.log"
      }
    },
    "permutations": [
      {
        "condition": "query.block_state('wiki:facing_direction') == 0",
        "components": {
          "minecraft:rotation": [0, 0, 0],
          "minecraft:on_interact": {
            "condition": "query.equipped_item_any_tag('slot.weapon.mainhand', 'minecraft:is_axe')",
            "event": "wiki:become_stripped_0"
          }
        }
      },
      {
        "condition": "query.block_state('wiki:facing_direction') == 1",
        "components": {
          "minecraft:rotation": [90, 0, 0],
          "minecraft:on_interact": {
            "condition": "query.equipped_item_any_tag('slot.weapon.mainhand', 'minecraft:is_axe')",
            "event": "wiki:become_stripped1"
          }
        }
      },
      {
        "condition": "query.block_state('wiki:facing_direction') == 2",
        "components": {
          "minecraft:rotation": [0, 0, 90],
          "minecraft:on_interact": {
            "condition": "query.equipped_item_any_tag('slot.weapon.mainhand', 'minecraft:is_axe')",
            "event": "wiki:become_stripped2"
          }
        }
      }
    ],
    "components": {
      "tag:pokeb:apricorn_log": {},
      "tag:log": {},
      "minecraft:material_instances": {
        "*": {
          "texture": "apricorn_log",
          "render_method": "opaque"
        },
        "ends": {
          "texture": "apricorn_log_top",
          "render_method": "opaque"
        },
        "up": "ends",
        "down": "ends"
      },
      "minecraft:loot": "loot_tables/blocks/apricorn/apricorn_log.json",
      "minecraft:destructible_by_mining": {
        "seconds_to_destroy": 1
      },
      "minecraft:unit_cube": {},
      "minecraft:on_player_placing": {
        "event": "wiki:set_facing_direction"
      }
    },
    "events": {
      "wiki:set_facing_direction": {
        "set_block_state": {
          "wiki:facing_direction": "math.floor( query.block_face / 2.0 )"
        }
      },
      "wiki:become_stripped_0": {
        "sequence": [
          {
            "run_command": {
              "command": [
                "setblock ~~~ pokeb:stripped_apricorn_log",
                "playsound hit.wood @a ~~~"
              ]
            }
          },
          {
            "damage": {
              "type": "durability",
              "amount": 1,
              "target": "item"
            }
          }
        ]
      },
      "wiki:become_stripped1": {
        "sequence": [
          {
            "run_command": {
              "command": [
                "structure load \"apricorn/stripped_log1\" ~~~",
                "playsound hit.wood @a ~~~"
              ]
            }
          },
          {
            "damage": {
              "type": "durability",
              "amount": 1,
              "target": "item"
            }
          }
        ]
      },
      "wiki:become_stripped2": {
        "sequence": [
          {
            "run_command": {
              "command": [
                "structure load \"apricorn/stripped_log2\" ~~~",
                "playsound hit.wood @a ~~~"
              ]
            }
          },
          {
            "damage": {
              "type": "durability",
              "amount": 1,
              "target": "item"
            }
          }
        ]
      }
    }
  }
}
