{
  "format_version": "1.20.10",
  "minecraft:block": {
    "description": {
      "identifier": "pokeb:apricorn_door_tile",
      "menu_category": {
        "category": "none",
        "is_hidden_in_commands": false
      },
      "states": {
        "pokeb:open_bit": [false, true],
        "pokeb:hinge_bit": [false, true],
        "pokeb:upper_block_bit": [false, true]
      },
      "traits": {
        "minecraft:placement_direction": {
          "enabled_states": ["minecraft:cardinal_direction"]
        }
      }
    },
    "components": {
      "minecraft:geometry": {
        "identifier": "geometry.custom_door",
        "bone_visibility": {
          "lower_close": "(query.block_state('pokeb:open_bit') == false && query.block_state('pokeb:upper_block_bit') == false && query.block_state('pokeb:hinge_bit') == false) || (query.block_state('pokeb:open_bit') == true && query.block_state('pokeb:upper_block_bit') == false && query.block_state('pokeb:hinge_bit') == true)",
          "lower_open": "(query.block_state('pokeb:open_bit') == true && query.block_state('pokeb:upper_block_bit') == false && query.block_state('pokeb:hinge_bit') == false) || (query.block_state('pokeb:open_bit') == false && query.block_state('pokeb:upper_block_bit') == false && query.block_state('pokeb:hinge_bit') == true)",
          "upper_close": "(query.block_state('pokeb:open_bit') == false && query.block_state('pokeb:upper_block_bit') == true && query.block_state('pokeb:hinge_bit') == false) || (query.block_state('pokeb:open_bit') == true && query.block_state('pokeb:upper_block_bit') == true && query.block_state('pokeb:hinge_bit') == true)",
          "upper_open": "(query.block_state('pokeb:open_bit') == true && query.block_state('pokeb:upper_block_bit') == true && query.block_state('pokeb:hinge_bit') == false) || (query.block_state('pokeb:open_bit') == false && query.block_state('pokeb:upper_block_bit') == true && query.block_state('pokeb:hinge_bit') == true)"
        }
      },
      "minecraft:material_instances": {
        "*": {
          "texture": "apricorn_door_bottom",
          "render_method": "blend",
          "face_dimming": true,
          "ambient_occlusion": false
        },
        "upper": {
          "texture": "apricorn_door_top",
          "render_method": "blend",
          "face_dimming": true,
          "ambient_occlusion": false
        }
      },
      "minecraft:light_dampening": 0,
      "minecraft:destructible_by_mining": {
        "seconds_to_destroy": 0.5
      },
      "minecraft:loot": "loot_tables/empty.json",
      "minecraft:selection_box": {
        "origin": [-8, 0, -8],
        "size": [16, 16, 3]
      },
      "minecraft:collision_box": {
        "origin": [-8, 0, -8],
        "size": [16, 16, 3]
      },
      "minecraft:on_placed": {
        "event": "on_placed"
      },
      "tag:pokeb:apricorn_door": {},
      "tag:wood": {}
    },
    "permutations": [
      {
        "condition": "query.block_state('minecraft:cardinal_direction') == 'north'",
        "components": {
          "minecraft:transformation": {
            "rotation": [0, 180, 0]
          }
        }
      },
      {
        "condition": "query.block_state('minecraft:cardinal_direction') == 'south'",
        "components": {
          "minecraft:transformation": {
            "rotation": [0, 0, 0]
          }
        }
      },
      {
        "condition": "query.block_state('minecraft:cardinal_direction') == 'west'",
        "components": {
          "minecraft:transformation": {
            "rotation": [0, 270, 0]
          }
        }
      },
      {
        "condition": "query.block_state('minecraft:cardinal_direction') == 'east'",
        "components": {
          "minecraft:transformation": {
            "rotation": [0, 90, 0]
          }
        }
      }, //Open and close events-tags
      {
        "condition": "query.block_state('pokeb:open_bit') == false",
        "components": {
          "minecraft:on_interact": {
            "event": "open"
          },
          "tag:pokeb:close_apricorn_door": {}
        }
      },
      {
        "condition": "query.block_state('pokeb:open_bit') == true",
        "components": {
          "minecraft:on_interact": {
            "event": "close"
          },
          "tag:pokeb:open_apricorn_door": {}
        }
      }, //Hinge states tags
      {
        "condition": "query.block_state('pokeb:hinge_bit') == false",
        "components": {
          "tag:pokeb:left_apricorn_door": {}
        }
      },
      {
        "condition": "query.block_state('pokeb:hinge_bit') == true",
        "components": {
          "tag:pokeb:right_apricorn_door": {}
        }
      }, //Upper and lower block events and tags
      {
        "condition": "query.block_state('pokeb:upper_block_bit') == false",
        "components": {
          "minecraft:placement_filter": {
            "conditions": [
              {
                "allowed_faces": ["up"]
              }
            ]
          },
          "minecraft:queued_ticking": {
            "looping": true,
            "interval_range": [0, 0],
            "on_tick": {
              "event": "checker"
            }
          },
          "minecraft:loot": "loot_tables/blocks/apricorn/apricorn_door.json",
          "tag:pokeb:lower_apricorn_door": {}
        }
      },
      {
        "condition": "query.block_state('pokeb:upper_block_bit') == true",
        "components": {
          "minecraft:placement_filter": {
            "conditions": [
              {
                "allowed_faces": ["up"],
                "block_filter": ["pokeb:apricorn_door_tile"]
              }
            ]
          },
          "minecraft:loot": "loot_tables/empty.json",
          "tag:pokeb:upper_apricorn_door": {}
        }
      }, //Open trasnformation to change the model only
      {
        "condition": "query.block_state('pokeb:hinge_bit') == false && query.block_state('pokeb:open_bit') == true && query.block_state('minecraft:cardinal_direction') == 'north'",
        "components": {
          "minecraft:transformation": {
            "rotation": [0, 90, 0]
          }
        }
      },
      {
        "condition": "query.block_state('pokeb:hinge_bit') == false && query.block_state('pokeb:open_bit') == true && query.block_state('minecraft:cardinal_direction') == 'south'",
        "components": {
          "minecraft:transformation": {
            "rotation": [0, -90, 0]
          }
        }
      },
      {
        "condition": "query.block_state('pokeb:hinge_bit') == false && query.block_state('pokeb:open_bit') == true && query.block_state('minecraft:cardinal_direction') == 'west'",
        "components": {
          "minecraft:transformation": {
            "rotation": [0, 180, 0]
          }
        }
      },
      {
        "condition": "query.block_state('pokeb:hinge_bit') == false && query.block_state('pokeb:open_bit') == true && query.block_state('minecraft:cardinal_direction') == 'east'",
        "components": {
          "minecraft:transformation": {
            "rotation": [0, 0, 0]
          }
        }
      },
      {
        "condition": "query.block_state('pokeb:hinge_bit') == true && query.block_state('pokeb:open_bit') == true && query.block_state('minecraft:cardinal_direction') == 'north'",
        "components": {
          "minecraft:transformation": {
            "rotation": [0, -90, 0]
          }
        }
      },
      {
        "condition": "query.block_state('pokeb:hinge_bit') == true && query.block_state('pokeb:open_bit') == true && query.block_state('minecraft:cardinal_direction') == 'south'",
        "components": {
          "minecraft:transformation": {
            "rotation": [0, 90, 0]
          }
        }
      },
      {
        "condition": "query.block_state('pokeb:hinge_bit') == true && query.block_state('pokeb:open_bit') == true && query.block_state('minecraft:cardinal_direction') == 'west'",
        "components": {
          "minecraft:transformation": {
            "rotation": [0, 0, 0]
          }
        }
      },
      {
        "condition": "query.block_state('pokeb:hinge_bit') == true && query.block_state('pokeb:open_bit') == true && query.block_state('minecraft:cardinal_direction') == 'east'",
        "components": {
          "minecraft:transformation": {
            "rotation": [0, 180, 0]
          }
        }
      }
    ],
    "events": {
      "on_placed": {
        "sequence": [
          {
            "condition": "query.block_state('pokeb:upper_block_bit') == false",
            "trigger": "upper_block"
          }, //Hinge sequence
          {
            "sequence": [
              {
                "condition": "query.block_state('minecraft:cardinal_direction') == 'north' && query.block_neighbor_has_any_tag(-1,0,0,'pokeb:apricorn_door') && !query.block_neighbor_has_any_tag(1,0,0,'pokeb:right_apricorn_door')",
                "set_block_state": {
                  "pokeb:hinge_bit": true
                }
              },
              {
                "condition": "query.block_state('minecraft:cardinal_direction') == 'south' && query.block_neighbor_has_any_tag(1,0,0,'pokeb:apricorn_door') && !query.block_neighbor_has_any_tag(-1,0,0,'pokeb:right_apricorn_door')",
                "set_block_state": {
                  "pokeb:hinge_bit": true
                }
              },
              {
                "condition": "query.block_state('minecraft:cardinal_direction') == 'west' && query.block_neighbor_has_any_tag(0,0,1,'pokeb:apricorn_door') && !query.block_neighbor_has_any_tag(0,0,-1,'pokeb:right_apricorn_door')",
                "set_block_state": {
                  "pokeb:hinge_bit": true
                }
              },
              {
                "condition": "(query.block_state('minecraft:cardinal_direction') == 'east' && query.block_neighbor_has_any_tag(0,0,-1,'pokeb:apricorn_door') && !query.block_neighbor_has_any_tag(0,0,1,'pokeb:right_apricorn_door')) || (query.block_neighbor_has_any_tag(0,-1,0,'pokeb:right_apricorn_door')&&query.block_state('pokeb:upper_block_bit') == true)",
                "set_block_state": {
                  "pokeb:hinge_bit": true
                }
              }
            ]
          }
        ]
      },
      "open": {
        "sequence": [
          {
            "run_command": {
              "command": "playsound open.wooden_door @a ~ ~ ~"
            }
          },
          {
            "sequence": [
              {
                "condition": "q.block_state('pokeb:upper_block_bit') == false&&q.block_state('minecraft:cardinal_direction') == 'north'",
                "set_block_state": {
                  "pokeb:open_bit": true
                },
                "run_command": {
                  "command": "setblock ~ ~1 ~ pokeb:apricorn_door_tile[\"minecraft:cardinal_direction\"=\"north\",\"pokeb:upper_block_bit\"=true,\"pokeb:open_bit\"=true]"
                }
              }
            ]
          },
          {
            "sequence": [
              {
                "condition": "q.block_state('pokeb:upper_block_bit') == true&&q.block_state('minecraft:cardinal_direction') == 'north'",
                "set_block_state": {
                  "pokeb:open_bit": true
                },
                "run_command": {
                  "command": "setblock ~ ~-1 ~ pokeb:apricorn_door_tile[\"minecraft:cardinal_direction\"=\"north\",\"pokeb:upper_block_bit\"=false,\"pokeb:open_bit\"=true]"
                }
              }
            ]
          },
          {
            "sequence": [
              {
                "condition": "q.block_state('pokeb:upper_block_bit') == false&&q.block_state('minecraft:cardinal_direction') == 'south'",
                "set_block_state": {
                  "pokeb:open_bit": true
                },
                "run_command": {
                  "command": "setblock ~ ~1 ~ pokeb:apricorn_door_tile[\"minecraft:cardinal_direction\"=\"south\",\"pokeb:upper_block_bit\"=true,\"pokeb:open_bit\"=true]"
                }
              }
            ]
          },
          {
            "sequence": [
              {
                "condition": "q.block_state('pokeb:upper_block_bit') == true&&q.block_state('minecraft:cardinal_direction') == 'south'",
                "set_block_state": {
                  "pokeb:open_bit": true
                },
                "run_command": {
                  "command": "setblock ~ ~-1 ~ pokeb:apricorn_door_tile[\"minecraft:cardinal_direction\"=\"south\",\"pokeb:upper_block_bit\"=false,\"pokeb:open_bit\"=true]"
                }
              }
            ]
          },
          {
            "sequence": [
              {
                "condition": "q.block_state('pokeb:upper_block_bit') == false&&q.block_state('minecraft:cardinal_direction') == 'west'",
                "set_block_state": {
                  "pokeb:open_bit": true
                },
                "run_command": {
                  "command": "setblock ~ ~1 ~ pokeb:apricorn_door_tile[\"minecraft:cardinal_direction\"=\"west\",\"pokeb:upper_block_bit\"=true,\"pokeb:open_bit\"=true]"
                }
              }
            ]
          },
          {
            "sequence": [
              {
                "condition": "q.block_state('pokeb:upper_block_bit') == true&&q.block_state('minecraft:cardinal_direction') == 'west'",
                "set_block_state": {
                  "pokeb:open_bit": true
                },
                "run_command": {
                  "command": "setblock ~ ~-1 ~ pokeb:apricorn_door_tile [\"minecraft:cardinal_direction\"=\"west\",\"pokeb:upper_block_bit\"=false,\"pokeb:open_bit\"=true]"
                }
              }
            ]
          },
          {
            "sequence": [
              {
                "condition": "q.block_state('pokeb:upper_block_bit') == false&&q.block_state('minecraft:cardinal_direction') == 'east'",
                "set_block_state": {
                  "pokeb:open_bit": true
                },
                "run_command": {
                  "command": "setblock ~ ~1 ~ pokeb:apricorn_door_tile [\"minecraft:cardinal_direction\"=\"east\",\"pokeb:upper_block_bit\"=true,\"pokeb:open_bit\"=true]"
                }
              }
            ]
          },
          {
            "sequence": [
              {
                "condition": "q.block_state('pokeb:upper_block_bit') == true&&q.block_state('minecraft:cardinal_direction') == 'east'",
                "set_block_state": {
                  "pokeb:open_bit": true
                },
                "run_command": {
                  "command": "setblock ~ ~-1 ~ pokeb:apricorn_door_tile [\"minecraft:cardinal_direction\"=\"east\",\"pokeb:upper_block_bit\"=false,\"pokeb:open_bit\"=true]"
                }
              }
            ]
          }
        ]
      },
      "close": {
        "sequence": [
          {
            "run_command": {
              "command": "playsound close.wooden_door @a ~ ~ ~"
            }
          },
          {
            "sequence": [
              {
                "condition": "q.block_state('pokeb:upper_block_bit') == false&&q.block_state('minecraft:cardinal_direction') == 'north'",
                "set_block_state": {
                  "pokeb:open_bit": false
                },
                "run_command": {
                  "command": "setblock ~ ~1 ~ pokeb:apricorn_door_tile[\"minecraft:cardinal_direction\"=\"north\",\"pokeb:upper_block_bit\"=true,\"pokeb:open_bit\"=false]"
                }
              }
            ]
          },
          {
            "sequence": [
              {
                "condition": "q.block_state('pokeb:upper_block_bit') == true&&q.block_state('minecraft:cardinal_direction') == 'north'",
                "set_block_state": {
                  "pokeb:open_bit": false
                },
                "run_command": {
                  "command": "setblock ~ ~-1 ~ pokeb:apricorn_door_tile[\"minecraft:cardinal_direction\"=\"north\",\"pokeb:upper_block_bit\"=false,\"pokeb:open_bit\"=false]"
                }
              }
            ]
          },
          {
            "sequence": [
              {
                "condition": "q.block_state('pokeb:upper_block_bit') == false&&q.block_state('minecraft:cardinal_direction') == 'south'",
                "set_block_state": {
                  "pokeb:open_bit": false
                },
                "run_command": {
                  "command": "setblock ~ ~1 ~ pokeb:apricorn_door_tile[\"minecraft:cardinal_direction\"=\"south\",\"pokeb:upper_block_bit\"=true,\"pokeb:open_bit\"=false]"
                }
              }
            ]
          },
          {
            "sequence": [
              {
                "condition": "q.block_state('pokeb:upper_block_bit') == true&&q.block_state('minecraft:cardinal_direction') == 'south'",
                "set_block_state": {
                  "pokeb:open_bit": false
                },
                "run_command": {
                  "command": "setblock ~ ~-1 ~ pokeb:apricorn_door_tile[\"minecraft:cardinal_direction\"=\"south\",\"pokeb:upper_block_bit\"=false,\"pokeb:open_bit\"=false]"
                }
              }
            ]
          },
          {
            "sequence": [
              {
                "condition": "q.block_state('pokeb:upper_block_bit') == false&&q.block_state('minecraft:cardinal_direction') == 'west'",
                "set_block_state": {
                  "pokeb:open_bit": false
                },
                "run_command": {
                  "command": "setblock ~ ~1 ~ pokeb:apricorn_door_tile[\"minecraft:cardinal_direction\"=\"west\",\"pokeb:upper_block_bit\"=true,\"pokeb:open_bit\"=false]"
                }
              }
            ]
          },
          {
            "sequence": [
              {
                "condition": "q.block_state('pokeb:upper_block_bit') == true&&q.block_state('minecraft:cardinal_direction') == 'west'",
                "set_block_state": {
                  "pokeb:open_bit": false
                },
                "run_command": {
                  "command": "setblock ~ ~-1 ~ pokeb:apricorn_door_tile[\"minecraft:cardinal_direction\"=\"west\",\"pokeb:upper_block_bit\"=false,\"pokeb:open_bit\"=false]"
                }
              }
            ]
          },
          {
            "sequence": [
              {
                "condition": "q.block_state('pokeb:upper_block_bit') == false&&q.block_state('minecraft:cardinal_direction') == 'east'",
                "set_block_state": {
                  "pokeb:open_bit": false
                },
                "run_command": {
                  "command": "setblock ~ ~1 ~ pokeb:apricorn_door_tile[\"minecraft:cardinal_direction\"=\"east\",\"pokeb:upper_block_bit\"=true,\"pokeb:open_bit\"=false]"
                }
              }
            ]
          },
          {
            "sequence": [
              {
                "condition": "q.block_state('pokeb:upper_block_bit') == true&&q.block_state('minecraft:cardinal_direction') == 'east'",
                "set_block_state": {
                  "pokeb:open_bit": false
                },
                "run_command": {
                  "command": "setblock ~ ~-1 ~ pokeb:apricorn_door_tile[\"minecraft:cardinal_direction\"=\"east\",\"pokeb:upper_block_bit\"=false,\"pokeb:open_bit\"=false]"
                }
              }
            ]
          }
        ]
      },
      "upper_block": {
        //Sequence to set an upper block
        "sequence": [
          {
            "condition": "query.block_state('minecraft:cardinal_direction') == 'north'",
            "run_command": {
              "command": [
                "fill ~ ~1 ~ ~ ~1 ~ pokeb:apricorn_door_tile[\"minecraft:cardinal_direction\"=\"north\",\"pokeb:upper_block_bit\"=true] replace air",
                "fill ~ ~1 ~ ~ ~1 ~ pokeb:apricorn_door_tile[\"minecraft:cardinal_direction\"=\"north\",\"pokeb:upper_block_bit\"=true] replace water",
                "fill ~ ~1 ~ ~ ~1 ~ pokeb:apricorn_door_tile[\"minecraft:cardinal_direction\"=\"north\",\"pokeb:upper_block_bit\"=true] replace flowing_water",
                "fill ~ ~1 ~ ~ ~1 ~ pokeb:apricorn_door_tile[\"minecraft:cardinal_direction\"=\"north\",\"pokeb:upper_block_bit\"=true] replace lava",
                "fill ~ ~1 ~ ~ ~1 ~ pokeb:apricorn_door_tile[\"minecraft:cardinal_direction\"=\"north\",\"pokeb:upper_block_bit\"=true] replace flowing_lava",
                "fill ~ ~1 ~ ~ ~1 ~ pokeb:apricorn_door_tile[\"minecraft:cardinal_direction\"=\"north\",\"pokeb:upper_block_bit\"=true] replace seagrass",
                "fill ~ ~1 ~ ~ ~1 ~ pokeb:apricorn_door_tile[\"minecraft:cardinal_direction\"=\"north\",\"pokeb:upper_block_bit\"=true] replace double_plant",
                "fill ~ ~1 ~ ~ ~1 ~ pokeb:apricorn_door_tile[\"minecraft:cardinal_direction\"=\"north\",\"pokeb:upper_block_bit\"=true] replace vine"
              ]
            }
          },
          {
            "condition": "query.block_state('minecraft:cardinal_direction') == 'south'",
            "run_command": {
              "command": [
                "fill ~ ~1 ~ ~ ~1 ~ pokeb:apricorn_door_tile[\"minecraft:cardinal_direction\"=\"south\",\"pokeb:upper_block_bit\"=true] replace air",
                "fill ~ ~1 ~ ~ ~1 ~ pokeb:apricorn_door_tile[\"minecraft:cardinal_direction\"=\"south\",\"pokeb:upper_block_bit\"=true] replace water",
                "fill ~ ~1 ~ ~ ~1 ~ pokeb:apricorn_door_tile[\"minecraft:cardinal_direction\"=\"south\",\"pokeb:upper_block_bit\"=true] replace flowing_water",
                "fill ~ ~1 ~ ~ ~1 ~ pokeb:apricorn_door_tile[\"minecraft:cardinal_direction\"=\"south\",\"pokeb:upper_block_bit\"=true] replace lava",
                "fill ~ ~1 ~ ~ ~1 ~ pokeb:apricorn_door_tile[\"minecraft:cardinal_direction\"=\"south\",\"pokeb:upper_block_bit\"=true] replace flowing_lava",
                "fill ~ ~1 ~ ~ ~1 ~ pokeb:apricorn_door_tile[\"minecraft:cardinal_direction\"=\"south\",\"pokeb:upper_block_bit\"=true] replace seagrass",
                "fill ~ ~1 ~ ~ ~1 ~ pokeb:apricorn_door_tile[\"minecraft:cardinal_direction\"=\"south\",\"pokeb:upper_block_bit\"=true] replace double_plant",
                "fill ~ ~1 ~ ~ ~1 ~ pokeb:apricorn_door_tile[\"minecraft:cardinal_direction\"=\"south\",\"pokeb:upper_block_bit\"=true] replace vine"
              ]
            }
          },
          {
            "condition": "query.block_state('minecraft:cardinal_direction') == 'west'",
            "run_command": {
              "command": [
                "fill ~ ~1 ~ ~ ~1 ~ pokeb:apricorn_door_tile[\"minecraft:cardinal_direction\"=\"west\",\"pokeb:upper_block_bit\"=true] replace air",
                "fill ~ ~1 ~ ~ ~1 ~ pokeb:apricorn_door_tile[\"minecraft:cardinal_direction\"=\"west\",\"pokeb:upper_block_bit\"=true] replace water",
                "fill ~ ~1 ~ ~ ~1 ~ pokeb:apricorn_door_tile[\"minecraft:cardinal_direction\"=\"west\",\"pokeb:upper_block_bit\"=true] replace flowing_water",
                "fill ~ ~1 ~ ~ ~1 ~ pokeb:apricorn_door_tile[\"minecraft:cardinal_direction\"=\"west\",\"pokeb:upper_block_bit\"=true] replace lava",
                "fill ~ ~1 ~ ~ ~1 ~ pokeb:apricorn_door_tile[\"minecraft:cardinal_direction\"=\"west\",\"pokeb:upper_block_bit\"=true] replace flowing_lava",
                "fill ~ ~1 ~ ~ ~1 ~ pokeb:apricorn_door_tile[\"minecraft:cardinal_direction\"=\"west\",\"pokeb:upper_block_bit\"=true] replace seagrass",
                "fill ~ ~1 ~ ~ ~1 ~ pokeb:apricorn_door_tile[\"minecraft:cardinal_direction\"=\"west\",\"pokeb:upper_block_bit\"=true] replace double_plant",
                "fill ~ ~1 ~ ~ ~1 ~ pokeb:apricorn_door_tile[\"minecraft:cardinal_direction\"=\"west\",\"pokeb:upper_block_bit\"=true] replace vine"
              ]
            }
          },
          {
            "condition": "query.block_state('minecraft:cardinal_direction') == 'east'",
            "run_command": {
              "command": [
                "fill ~ ~1 ~ ~ ~1 ~ pokeb:apricorn_door_tile[\"minecraft:cardinal_direction\"=\"east\",\"pokeb:upper_block_bit\"=true] replace air",
                "fill ~ ~1 ~ ~ ~1 ~ pokeb:apricorn_door_tile[\"minecraft:cardinal_direction\"=\"east\",\"pokeb:upper_block_bit\"=true] replace water",
                "fill ~ ~1 ~ ~ ~1 ~ pokeb:apricorn_door_tile[\"minecraft:cardinal_direction\"=\"east\",\"pokeb:upper_block_bit\"=true] replace flowing_water",
                "fill ~ ~1 ~ ~ ~1 ~ pokeb:apricorn_door_tile[\"minecraft:cardinal_direction\"=\"east\",\"pokeb:upper_block_bit\"=true] replace lava",
                "fill ~ ~1 ~ ~ ~1 ~ pokeb:apricorn_door_tile[\"minecraft:cardinal_direction\"=\"east\",\"pokeb:upper_block_bit\"=true] replace flowing_lava",
                "fill ~ ~1 ~ ~ ~1 ~ pokeb:apricorn_door_tile[\"minecraft:cardinal_direction\"=\"east\",\"pokeb:upper_block_bit\"=true] replace seagrass",
                "fill ~ ~1 ~ ~ ~1 ~ pokeb:apricorn_door_tile[\"minecraft:cardinal_direction\"=\"east\",\"pokeb:upper_block_bit\"=true] replace double_plant",
                "fill ~ ~1 ~ ~ ~1 ~ pokeb:apricorn_door_tile[\"minecraft:cardinal_direction\"=\"east\",\"pokeb:upper_block_bit\"=true] replace vine"
              ]
            }
          }
        ]
      },
      "checker": {
        "sequence": [
          {
            "condition": "query.block_neighbor_has_any_tag(0,1,0,'pokeb:right_apricorn_door')",
            "set_block_state": {
              "pokeb:hinge_bit": true
            }
          },
          {
            "condition": "!query.block_neighbor_has_any_tag(0,1,0,'pokeb:upper_apricorn_door')",
            "die": {}
          }
        ]
      }
    }
  }
}
