{
	"format_version": "1.20.40",
	"minecraft:block": {
		"description": {
			"identifier": "pokeb:apricorn_trapdoor",
			"menu_category": {
				"category": "construction",
				"group": "itemGroup.name.trapdoor"
			},
			"states": {
				"pokeb:is_open": [
					false, true
				],
				"pokeb:is_upside_down": [
					false, true
				],
				"pokeb:direction": [ 
					0, 1, 2, 3
				]
			}
		},
		"components": {
			"minecraft:material_instances": {
				"*": {
					"texture": "apricorn_trapdoor",
					"render_method": "blend"
				}
			},
			"minecraft:geometry": {
				"identifier": "geometry.trapdoor",
				"bone_visibility": {
					"down_close": false,
					"down_open": false,
					"up_close": false,
					"up_open": false
				}
			},
			"minecraft:flammable": {
				"destroy_chance_modifier": 45,
				"catch_chance_modifier": 80
			},
			"minecraft:destructible_by_mining": {
				"seconds_to_destroy": 0.5
			},
			"minecraft:on_player_placing": {
				"event": "pokeb:set_direction"
			},
			"minecraft:loot": "loot_tables/blocks/apricorn/apricorn_trapdoor.json",	
			"minecraft:map_color": "#52221D",
			"minecraft:breathability": "air",
			"minecraft:destructible_by_explosion": true,
			"minecraft:light_dampening": 0,
			"tag:wood": {}
		},
		"permutations": [
			{
				"condition": "query.block_state('pokeb:is_open') == false && query.block_state('pokeb:is_upside_down') == false",
				"components": {
					"minecraft:geometry": {
						"identifier": "geometry.trapdoor",
						"bone_visibility": {
							"down_close": true,
							"down_open": false,
							"up_close": false,
							"up_open": false
						}
					},
					"minecraft:collision_box": {
						"origin": [ -8, 0, -8 ],
						"size": [ 16, 3, 16 ]
					},
					"minecraft:selection_box": {
						"origin": [-8, 0, -8],
						"size": [16, 3, 16]
					}
				}
			},
			{
				"condition": "query.block_state('pokeb:is_open') == true && query.block_state('pokeb:is_upside_down') == false",
				"components": {
					"minecraft:geometry": {
						"identifier": "geometry.trapdoor",
						"bone_visibility": {
							"down_close": false,
							"down_open": true,
							"up_close": false,
							"up_open": false
						}
					},
					"minecraft:collision_box": {
						"origin": [ -8, 0, 7 ],
						"size": [ 16, 16, 1 ]
					},
					"minecraft:selection_box": {
						"origin": [-8, 0, 5],
						"size": [16, 16, 3]
					}
				}
			},
			{
				"condition": "query.block_state('pokeb:is_open') == false && query.block_state('pokeb:is_upside_down') == true",
				"components": {
					"minecraft:geometry": {
						"identifier": "geometry.trapdoor",
						"bone_visibility": {
							"down_close": false,
							"down_open": false,
							"up_close": true,
							"up_open": false
						}
					},
					"minecraft:collision_box": {
						"origin": [ -8, 13, -8 ],
						"size": [ 16, 3, 16 ]
					},
					"minecraft:selection_box": {
						"origin": [-8, 13, -8],
						"size": [16, 3, 16]
					}
				}
			},
			{
				"condition": "query.block_state('pokeb:is_open') == true && query.block_state('pokeb:is_upside_down') == true",
				"components": {
					"minecraft:geometry": {
						"identifier": "geometry.trapdoor",
						"bone_visibility": {
							"down_close": false,
							"down_open": false,
							"up_close": false,
							"up_open": true
						}
					},
					"minecraft:collision_box": {
						"origin": [ -8, 0, 7 ],
						"size": [ 16, 16, 1 ]
					},
					"minecraft:selection_box": {
						"origin": [-8, 0, 5],
						"size": [16, 16, 3]
					}
				}
			},
			{
				"condition": "query.block_state('pokeb:is_open') == false",
				"components": {
					"minecraft:on_interact": {
						"event": "pokeb:open_door"
					}
				}
			},
			{
				"condition": "query.block_state('pokeb:is_open') == true",
				"components": {
					"minecraft:on_interact": {
						"event": "pokeb:close_door"
					}
				}
			},
			{
				"condition": "query.block_state('pokeb:direction') == 0",
				"components": {
					"minecraft:transformation": { "rotation": [0, 180, 0] }
				}
			},
			{
				"condition": "query.block_state('pokeb:direction') == 1",
				"components": {
					"minecraft:transformation": { "rotation": [0, 0, 0] }
				}
			},
			{
				"condition": "query.block_state('pokeb:direction') == 2",
				"components": {
					"minecraft:transformation": { "rotation": [0, 270, 0] }
				}
			},
			{
				"condition": "query.block_state('pokeb:direction') == 3",
				"components": {
					"minecraft:transformation": { "rotation": [0, 90, 0] }
				}
			}
		],
		"events": {
			"pokeb:open_door": {
				"set_block_state": {
					"pokeb:is_open": true
				},
				"run_command": {
					"command": [
						"playsound random.door_open @a ~ ~ ~"
					]
				}
			},
			"pokeb:close_door": {
				"set_block_state": {
					"pokeb:is_open": false
				},
				"run_command": {
					"command": [
						"playsound random.door_close @a ~ ~ ~"
					]
				}
			},
			"pokeb:set_direction": {
				"sequence": [
					{
						"condition": "query.target_x_rotation>=0",
						"set_block_state": {
							"pokeb:direction": "query.cardinal_facing_2d-2",
							"pokeb:is_upside_down": false
						}
					},
					{
						"condition": "query.target_x_rotation<=0",
						"set_block_state": {
							"pokeb:direction": "query.cardinal_facing_2d-2",
							"pokeb:is_upside_down": true
						}
					}
				]
			}
		}
	}
}