{
  "format_version": "1.16.100",
  "minecraft:block": {
    "description": {
      "identifier": "pokeb:stripped_apricorn_log",
      "states": {
        "wiki:facing_direction": [0, 1, 2]
      },
      "menu_category": {
        "category": "nature",
        "group": "itemGroup.name.log"
      }
    },
    "permutations": [
      {
        "condition": "query.block_state('wiki:facing_direction') == 0",
        "components": {
          "minecraft:rotation": [0, 0, 0]
        }
      },
      {
        "condition": "query.block_state('wiki:facing_direction') == 1",
        "components": {
          "minecraft:rotation": [90, 0, 0]
        }
      },
      {
        "condition": "query.block_state('wiki:facing_direction') == 2",
        "components": {
          "minecraft:rotation": [0, 0, 90]
        }
      }
    ],
    "components": {
      "tag:pokeb:apricorn_log": {},
      "tag:log": {},
      "minecraft:material_instances": {
        "*": {
          "texture": "apricorn_stripped_log",
          "render_method": "opaque"
        },
        "ends": {
          "texture": "apricorn_stripped_log_top",
          "render_method": "opaque"
        },
        "up": "ends",
        "down": "ends"
      },
      "minecraft:flammable": {
        "burn_odds": 50,
        "flame_odds": 25
      },
      "minecraft:loot": "loot_tables/blocks/apricorn/stripped_apricorn_log.json",
        "minecraft:destructible_by_mining": {
        "seconds_to_destroy": 1
      },
      "minecraft:unit_cube": {},
      "minecraft:on_player_placing": {
        "event": "wiki:set_facing_direction"
      }
    },
    "events": {
      "wiki:set_facing_direction": {
        "set_block_state": {
          "wiki:facing_direction": "math.floor( query.block_face / 2.0 )"
        }
      }
    }
  }
}
