{
  "format_version": "1.16.100",
  "minecraft:block": {
    "description": {
      "identifier": "pokeb:bauxite_ore",
      "menu_category": {
        "group": "itemGroup.name.ore",
        "category": "nature"
      }
    },
    "components": {
			  "minecraft:destructible_by_mining": {
        "seconds_to_destroy": 5
      },
			"minecraft:light_dampening": 15,
			      "minecraft:destructible_by_explosion": {
        "explosion_resistance": 3.0
      },
			"minecraft:unit_cube": {},
			"minecraft:loot": "loot_tables/blocks/ores/bauxite_ore.json"
    }
  }
}
