{
  "format_version": "1.16.100",
  "minecraft:entity": {
    "description": {
      "identifier": "pokeb:ball",
      "is_spawnable": false,
      "is_summonable": true,
      "is_experimental": false,
      "runtime_identifier": "minecraft:snowball"
    },
    "components": {
      "minecraft:projectile": {
        "on_hit": {
          "remove_on_hit": {},
          "impact_damage": {
            "damage": 1,
            "knockback": true
          },
          "particle_on_hit": {
            "particle_type": "snowballpoof",
            "num_particles": 6,
            "on_entity_hit": true,
            "on_other_hit": true
          }
        }
      },
      "minecraft:collision_box": {
        "width": 0.25,
        "height": 0.25
      },
      "minecraft:type_family": {
        "family": ["ball"]
      },
      "minecraft:skin_id": {
        "value": 0
      },
      "minecraft:physics": {},
      "minecraft:pushable": {
        "is_pushable": true,
        "is_pushable_by_piston": true
      },
      "minecraft:conditional_bandwidth_optimization": {
        "default_values": {
          "max_optimized_distance": 100.0,
          "max_dropped_ticks": 5,
          "use_motion_prediction_hints": true
        }
      }
    }
  }
}
