{
  "format_version": "1.16.100",
  "minecraft:entity": {
    "description": {
      "identifier": "pokeb:ball_catch",
      "is_spawnable": false,
      "is_summonable": true,
      "is_experimental": false
    },
    "component_groups": {
      "despawn": {
        "minecraft:instant_despawn": {},
        "minecraft:explode": {}
      }
    },
    "components": {
      "minecraft:scale": {
        "value": 1
      },
      "minecraft:collision_box": {
        "width": 0.25,
        "height": 0.25
      },
      "minecraft:type_family": {
        "family": ["ball"]
      },
      "minecraft:movement": {
        "value": 0
      },
      "minecraft:skin_id": {
        "value": 0
      },
      "minecraft:physics": {
        "has_collision": false,
        "has_gravity": false
      },
      "minecraft:damage_sensor": {
        "triggers": {
          "cause": "all",
          "deals_damage": false
        }
      }
    },
    "events": {
      "despawn": {
        "add": {
          "component_groups": ["despawn"]
        }
      }
    }
  }
}
