{
  "format_version": "1.17.10",
  "minecraft:entity": {
    "description": {
      "identifier": "minecraft:player",
      "is_spawnable": true,
      "is_summonable": true,
      "is_experimental": false,
      "animations": {
        "fly_pokemon": "controller.animation.fly_pokemon",
        "swim_pokemon": "controller.animation.swim_pokemon"
      },
      "scripts": {
        "animate": ["fly_pokemon", "swim_pokemon"]
      }
    },
    "component_groups": {
      "pokemon:spawn_tamed": {
        "minecraft:spawn_entity": {
          "entities": [
            {
              "min_wait_time": 0,
              "max_wait_time": 0,
              "spawn_entity": "pokemon:tamed_pokemon",
              "spawn_event": "minecraft:entity_spawned",
              "single_use": true,
              "num_to_spawn": 1,
              "should_leash": false
            }
          ]
        }
      },
      "minecraft:add_bad_omen": {
        "minecraft:spell_effects": {
          "add_effects": [
            {
              "effect": "bad_omen",
              "duration": 6000,
              "display_on_screen_animation": true
            }
          ]
        },
        "minecraft:timer": {
          "time": [0.0, 0.0],
          "looping": false,
          "time_down_event": {
            "event": "minecraft:clear_add_bad_omen",
            "target": "self"
          }
        }
      },
      "minecraft:clear_bad_omen_spell_effect": {
        "minecraft:spell_effects": {}
      },
      "minecraft:raid_trigger": {
        "minecraft:raid_trigger": {
          "triggered_event": {
            "event": "minecraft:remove_raid_trigger",
            "target": "self"
          }
        },
        "minecraft:spell_effects": {
          "remove_effects": "bad_omen"
        }
      },
      "kick": {
        "minecraft:explode": {}
      }
    },
    "components": {
      "minecraft:damage_sensor": {
        "triggers": [
          {
            "on_damage": {
              "filters": {
                "all_of": [
                  {
                    "test": "has_tag",
                    "subject": "self",
                    "value": "protected"
                  }
                ]
              }
            },
            "deals_damage": false
          },
          {
            "on_damage": {
              "filters": {
                "all_of": [
                  {
                    "test": "has_tag",
                    "subject": "self",
                    "value": "cps_protection"
                  }
                ]
              },
              "event": "remove_cps_protection_tag"
            },
            "deals_damage": false
          }
        ]
      },
      "minecraft:type_family": {
        "family": ["player"]
      },
      "minecraft:is_hidden_when_invisible": {},
      "minecraft:loot": {
        "table": "loot_tables/empty.json"
      },
      "minecraft:collision_box": {
        "width": 0.6,
        "height": 1.8
      },
      "minecraft:can_climb": {},
      "minecraft:movement": {
        "value": 0.1
      },
      "minecraft:hurt_on_condition": {
        "damage_conditions": [
          {
            "filters": {
              "test": "in_lava",
              "subject": "self",
              "operator": "==",
              "value": true
            },
            "cause": "lava",
            "damage_per_tick": 4
          }
        ]
      },
      "minecraft:attack": {
        "damage": 1
      },
      "minecraft:player.saturation": {
        "value": 20
      },
      "minecraft:player.exhaustion": {
        "value": 0,
        "max": 4
      },
      "minecraft:player.level": {
        "value": 0,
        "max": 24791
      },
      "minecraft:player.experience": {
        "value": 0,
        "max": 1
      },
      "minecraft:breathable": {
        "total_supply": 15,
        "suffocate_time": -1,
        "inhale_time": 3.75,
        "generates_bubbles": false
      },
      "minecraft:nameable": {
        "always_show": true,
        "allow_name_tag_renaming": false
      },
      "minecraft:physics": {},
      "minecraft:pushable": {
        "is_pushable": false,
        "is_pushable_by_piston": true
      },
      "minecraft:insomnia": {
        "days_until_insomnia": 3
      },
      "minecraft:rideable": {
        "seat_count": 2,
        "family_types": ["parrot_tame"],
        "pull_in_entities": true,
        "seats": [
          {
            "position": [0.4, -0.2, -0.1],
            "min_rider_count": 0,
            "max_rider_count": 0,
            "lock_rider_rotation": 0
          },
          {
            "position": [-0.4, -0.2, -0.1],
            "min_rider_count": 1,
            "max_rider_count": 2,
            "lock_rider_rotation": 0
          }
        ]
      },
      "minecraft:conditional_bandwidth_optimization": {},
      "minecraft:block_climber": {},
      "minecraft:environment_sensor": {
        "triggers": [
          {
            "filters": {
              "all_of": [
                {
                  "test": "has_mob_effect",
                  "subject": "self",
                  "value": "bad_omen"
                },
                {
                  "test": "is_in_village",
                  "subject": "self",
                  "value": true
                }
              ]
            },
            "event": "minecraft:trigger_raid"
          },
          {
            "filters": {
              "all_of": [
                {
                  "test": "has_equipment",
                  "subject": "self",
                  "domain": "feet",
                  "value": "pokeb:new_running_boots"
                }
              ]
            },
            "event": "pokeb:new_running_boots"
          },
          {
            "filters": {
              "all_of": [
                {
                  "test": "has_equipment",
                  "subject": "self",
                  "domain": "feet",
                  "value": "pokeb:old_running_boots"
                }
              ]
            },
            "event": "pokeb:old_running_boots"
          },
          {
            "filters": {
              "all_of": [
                {
                  "test": "has_equipment",
                  "subject": "self",
                  "domain": "feet",
                  "value": "pokeb:fire_stone_boots"
                },
                {
                  "test": "has_equipment",
                  "subject": "self",
                  "domain": "leg",
                  "value": "pokeb:fire_stone_legs"
                },
                {
                  "test": "has_equipment",
                  "subject": "self",
                  "domain": "torso",
                  "value": "pokeb:fire_stone_plate"
                },
                {
                  "test": "has_equipment",
                  "subject": "self",
                  "domain": "head",
                  "value": "pokeb:fire_stone_helm"
                }
              ]
            },
            "event": "pokeb:fire_stone_effect"
          },
          {
            "filters": {
              "all_of": [
                {
                  "test": "has_equipment",
                  "subject": "self",
                  "domain": "feet",
                  "value": "pokeb:water_stone_boots"
                },
                {
                  "test": "has_equipment",
                  "subject": "self",
                  "domain": "leg",
                  "value": "pokeb:water_stone_legs"
                },
                {
                  "test": "has_equipment",
                  "subject": "self",
                  "domain": "torso",
                  "value": "pokeb:water_stone_plate"
                },
                {
                  "test": "has_equipment",
                  "subject": "self",
                  "domain": "head",
                  "value": "pokeb:water_stone_helm"
                }
              ]
            },
            "event": "pokeb:water_stone_effect"
          },
          {
            "filters": {
              "all_of": [
                {
                  "test": "has_equipment",
                  "subject": "self",
                  "domain": "feet",
                  "value": "pokeb:leaf_stone_boots"
                },
                {
                  "test": "has_equipment",
                  "subject": "self",
                  "domain": "leg",
                  "value": "pokeb:leaf_stone_legs"
                },
                {
                  "test": "has_equipment",
                  "subject": "self",
                  "domain": "torso",
                  "value": "pokeb:leaf_stone_plate"
                },
                {
                  "test": "has_equipment",
                  "subject": "self",
                  "domain": "head",
                  "value": "pokeb:leaf_stone_helm"
                }
              ]
            },
            "event": "pokeb:leaf_stone_effect"
          },
          {
            "filters": {
              "all_of": [
                {
                  "test": "has_equipment",
                  "subject": "self",
                  "domain": "feet",
                  "value": "pokeb:thunder_stone_boots"
                },
                {
                  "test": "has_equipment",
                  "subject": "self",
                  "domain": "leg",
                  "value": "pokeb:thunder_stone_legs"
                },
                {
                  "test": "has_equipment",
                  "subject": "self",
                  "domain": "torso",
                  "value": "pokeb:thunder_stone_plate"
                },
                {
                  "test": "has_equipment",
                  "subject": "self",
                  "domain": "head",
                  "value": "pokeb:thunder_stone_helm"
                }
              ]
            },
            "event": "pokeb:thunder_stone_effect"
          },
          {
            "filters": {
              "all_of": [
                {
                  "test": "has_equipment",
                  "subject": "self",
                  "domain": "feet",
                  "value": "pokeb:sun_stone_boots"
                },
                {
                  "test": "has_equipment",
                  "subject": "self",
                  "domain": "leg",
                  "value": "pokeb:sun_stone_legs"
                },
                {
                  "test": "has_equipment",
                  "subject": "self",
                  "domain": "torso",
                  "value": "pokeb:sun_stone_plate"
                },
                {
                  "test": "has_equipment",
                  "subject": "self",
                  "domain": "head",
                  "value": "pokeb:sun_stone_helm"
                }
              ]
            },
            "event": "pokeb:sun_stone_effect"
          },
          {
            "filters": {
              "all_of": [
                {
                  "test": "has_equipment",
                  "subject": "self",
                  "domain": "feet",
                  "value": "pokeb:moon_stone_boots"
                },
                {
                  "test": "has_equipment",
                  "subject": "self",
                  "domain": "leg",
                  "value": "pokeb:moon_stone_legs"
                },
                {
                  "test": "has_equipment",
                  "subject": "self",
                  "domain": "torso",
                  "value": "pokeb:moon_stone_plate"
                },
                {
                  "test": "has_equipment",
                  "subject": "self",
                  "domain": "head",
                  "value": "pokeb:moon_stone_helm"
                }
              ]
            },
            "event": "pokeb:moon_stone_effect"
          },
          {
            "filters": {
              "all_of": [
                {
                  "test": "has_equipment",
                  "subject": "self",
                  "domain": "feet",
                  "value": "pokeb:dawn_stone_boots"
                },
                {
                  "test": "has_equipment",
                  "subject": "self",
                  "domain": "leg",
                  "value": "pokeb:dawn_stone_legs"
                },
                {
                  "test": "has_equipment",
                  "subject": "self",
                  "domain": "torso",
                  "value": "pokeb:dawn_stone_plate"
                },
                {
                  "test": "has_equipment",
                  "subject": "self",
                  "domain": "head",
                  "value": "pokeb:dawn_stone_helm"
                }
              ]
            },
            "event": "pokeb:dawn_stone_effect"
          },
          {
            "filters": {
              "all_of": [
                {
                  "test": "has_equipment",
                  "subject": "self",
                  "domain": "feet",
                  "value": "pokeb:dusk_stone_boots"
                },
                {
                  "test": "has_equipment",
                  "subject": "self",
                  "domain": "leg",
                  "value": "pokeb:dusk_stone_legs"
                },
                {
                  "test": "has_equipment",
                  "subject": "self",
                  "domain": "torso",
                  "value": "pokeb:dusk_stone_plate"
                },
                {
                  "test": "has_equipment",
                  "subject": "self",
                  "domain": "head",
                  "value": "pokeb:dusk_stone_helm"
                }
              ]
            },
            "event": "pokeb:dusk_stone_effect"
          }
        ]
      }
    },
    "events": {
      "engine:interact_with_trainer": {},
      "engine:interact_with_crate": {},
      "engine:interact_with_server_npc": {},
      "pokeb:new_running_boots": {
        "queue_command": {
          "command": ["effect @s speed 1 3 true"]
        }
      },
      "pokeb:old_running_boots": {
        "queue_command": {
          "command": ["effect @s speed 1 0 true"]
        }
      },
      "pokeb:fire_stone_effect": {
        "queue_command": {
          "command": ["effect @s fire_resistance 1 1 true"]
        }
      },
      "pokeb:water_stone_effect": {
        "queue_command": {
          "command": ["effect @s water_breathing 1 1 true"]
        }
      },
      "pokeb:leaf_stone_effect": {
        "queue_command": {
          "command": ["effect @s slow_falling 1 1 true"]
        }
      },
      "pokeb:thunder_stone_effect": {
        "queue_command": {
          "command": ["effect @s haste 1 2 true"]
        }
      },
      "pokeb:sun_stone_effect": {
        "queue_command": {
          "command": ["effect @s fire_resistance 1 2 true"]
        }
      },
      "pokeb:moon_stone_effect": {
        "queue_command": {
          "command": [
            "effect @s jump_boost 1 1 true",
            "effect @s slow_falling 1 1 true"
          ]
        }
      },
      "pokeb:dawn_stone_effect": {
        "queue_command": {
          "command": ["effect @s jump_boost 1 2 true"]
        }
      },
      "pokeb:dusk_stone_effect": {
        "queue_command": {
          "command": ["effect @s saturation 1 2 true"]
        }
      },
      "pokemon:spawn_tamed": {
        "add": {
          "component_groups": ["pokemon:spawn_tamed"]
        }
      },
      "kick": {
        "add": {
          "component_groups": ["kick"]
        },
        "remove": {
          "component_groups": ["kick"]
        }
      },
      "minecraft:gain_bad_omen": {
        "add": {
          "component_groups": ["minecraft:add_bad_omen"]
        }
      },
      "minecraft:clear_add_bad_omen": {
        "remove": {
          "component_groups": ["minecraft:add_bad_omen"]
        },
        "add": {
          "component_groups": ["minecraft:clear_bad_omen_spell_effect"]
        }
      },
      "minecraft:trigger_raid": {
        "add": {
          "component_groups": ["minecraft:raid_trigger"]
        }
      },
      "minecraft:remove_raid_trigger": {
        "remove": {
          "component_groups": ["minecraft:raid_trigger"]
        }
      }
    }
  }
}
