{"format_version":"1.16.0","minecraft:entity":{"description":{"identifier":"pokemon:tamed_pokemon","runtime_identifier":"minecraft:arrow","is_spawnable":false,"is_summonable":true,"is_experimental":false},"component_groups":{"pokemon:aerodactyl":{"minecraft:transformation":{"into":"pokemon:aerodactyl<pokemon:send_out>","keep_owner":true}},"pokemon:aipom":{"minecraft:transformation":{"into":"pokemon:aipom<pokemon:send_out>","keep_owner":true}},"pokemon:ambipom":{"minecraft:transformation":{"into":"pokemon:ambipom<pokemon:send_out>","keep_owner":true}},"pokemon:ampharos":{"minecraft:transformation":{"into":"pokemon:ampharos<pokemon:send_out>","keep_owner":true}},"pokemon:arbok":{"minecraft:transformation":{"into":"pokemon:arbok<pokemon:send_out>","keep_owner":true}},"pokemon:arcanine":{"minecraft:transformation":{"into":"pokemon:arcanine<pokemon:send_out>","keep_owner":true}},"pokemon:arceus":{"minecraft:transformation":{"into":"pokemon:arceus<pokemon:send_out>","keep_owner":true}},"pokemon:ariados":{"minecraft:transformation":{"into":"pokemon:ariados<pokemon:send_out>","keep_owner":true}},"pokemon:articuno":{"minecraft:transformation":{"into":"pokemon:articuno<pokemon:send_out>","keep_owner":true}},"pokemon:azumarill":{"minecraft:transformation":{"into":"pokemon:azumarill<pokemon:send_out>","keep_owner":true}},"pokemon:azurill":{"minecraft:transformation":{"into":"pokemon:azurill<pokemon:send_out>","keep_owner":true}},"pokemon:bayleef":{"minecraft:transformation":{"into":"pokemon:bayleef<pokemon:send_out>","keep_owner":true}},"pokemon:beedrill":{"minecraft:transformation":{"into":"pokemon:beedrill<pokemon:send_out>","keep_owner":true}},"pokemon:bellossom":{"minecraft:transformation":{"into":"pokemon:bellossom<pokemon:send_out>","keep_owner":true}},"pokemon:bibarel":{"minecraft:transformation":{"into":"pokemon:bibarel<pokemon:send_out>","keep_owner":true}},"pokemon:bidoof":{"minecraft:transformation":{"into":"pokemon:bidoof<pokemon:send_out>","keep_owner":true}},"pokemon:blastoise":{"minecraft:transformation":{"into":"pokemon:blastoise<pokemon:send_out>","keep_owner":true}},"pokemon:bonsly":{"minecraft:transformation":{"into":"pokemon:bonsly<pokemon:send_out>","keep_owner":true}},"pokemon:buizel":{"minecraft:transformation":{"into":"pokemon:buizel<pokemon:send_out>","keep_owner":true}},"pokemon:bulbasaur":{"minecraft:transformation":{"into":"pokemon:bulbasaur<pokemon:send_out>","keep_owner":true}},"pokemon:butterfree":{"minecraft:transformation":{"into":"pokemon:butterfree<pokemon:send_out>","keep_owner":true}},"pokemon:caterpie":{"minecraft:transformation":{"into":"pokemon:caterpie<pokemon:send_out>","keep_owner":true}},"pokemon:celebi":{"minecraft:transformation":{"into":"pokemon:celebi<pokemon:send_out>","keep_owner":true}},"pokemon:charizard":{"minecraft:transformation":{"into":"pokemon:charizard<pokemon:send_out>","keep_owner":true}},"pokemon:charmander":{"minecraft:transformation":{"into":"pokemon:charmander<pokemon:send_out>","keep_owner":true}},"pokemon:charmeleon":{"minecraft:transformation":{"into":"pokemon:charmeleon<pokemon:send_out>","keep_owner":true}},"pokemon:chikorita":{"minecraft:transformation":{"into":"pokemon:chikorita<pokemon:send_out>","keep_owner":true}},"pokemon:chimchar":{"minecraft:transformation":{"into":"pokemon:chimchar<pokemon:send_out>","keep_owner":true}},"pokemon:chinchou":{"minecraft:transformation":{"into":"pokemon:chinchou<pokemon:send_out>","keep_owner":true}},"pokemon:clefable":{"minecraft:transformation":{"into":"pokemon:clefable<pokemon:send_out>","keep_owner":true}},"pokemon:clefairy":{"minecraft:transformation":{"into":"pokemon:clefairy<pokemon:send_out>","keep_owner":true}},"pokemon:cleffa":{"minecraft:transformation":{"into":"pokemon:cleffa<pokemon:send_out>","keep_owner":true}},"pokemon:cloyster":{"minecraft:transformation":{"into":"pokemon:cloyster<pokemon:send_out>","keep_owner":true}},"pokemon:corsola":{"minecraft:transformation":{"into":"pokemon:corsola<pokemon:send_out>","keep_owner":true}},"pokemon:cresselia":{"minecraft:transformation":{"into":"pokemon:cresselia<pokemon:send_out>","keep_owner":true}},"pokemon:crobat":{"minecraft:transformation":{"into":"pokemon:crobat<pokemon:send_out>","keep_owner":true}},"pokemon:croconaw":{"minecraft:transformation":{"into":"pokemon:croconaw<pokemon:send_out>","keep_owner":true}},"pokemon:cyndaquil":{"minecraft:transformation":{"into":"pokemon:cyndaquil<pokemon:send_out>","keep_owner":true}},"pokemon:delibird":{"minecraft:transformation":{"into":"pokemon:delibird<pokemon:send_out>","keep_owner":true}},"pokemon:dewgong":{"minecraft:transformation":{"into":"pokemon:dewgong<pokemon:send_out>","keep_owner":true}},"pokemon:dialga":{"minecraft:transformation":{"into":"pokemon:dialga<pokemon:send_out>","keep_owner":true}},"pokemon:donphan":{"minecraft:transformation":{"into":"pokemon:donphan<pokemon:send_out>","keep_owner":true}},"pokemon:dragonair":{"minecraft:transformation":{"into":"pokemon:dragonair<pokemon:send_out>","keep_owner":true}},"pokemon:dragonite":{"minecraft:transformation":{"into":"pokemon:dragonite<pokemon:send_out>","keep_owner":true}},"pokemon:dratini":{"minecraft:transformation":{"into":"pokemon:dratini<pokemon:send_out>","keep_owner":true}},"pokemon:eevee":{"minecraft:transformation":{"into":"pokemon:eevee<pokemon:send_out>","keep_owner":true}},"pokemon:ekans":{"minecraft:transformation":{"into":"pokemon:ekans<pokemon:send_out>","keep_owner":true}},"pokemon:electabuzz":{"minecraft:transformation":{"into":"pokemon:electabuzz<pokemon:send_out>","keep_owner":true}},"pokemon:electivire":{"minecraft:transformation":{"into":"pokemon:electivire<pokemon:send_out>","keep_owner":true}},"pokemon:elekid":{"minecraft:transformation":{"into":"pokemon:elekid<pokemon:send_out>","keep_owner":true}},"pokemon:empoleon":{"minecraft:transformation":{"into":"pokemon:empoleon<pokemon:send_out>","keep_owner":true}},"pokemon:entei":{"minecraft:transformation":{"into":"pokemon:entei<pokemon:send_out>","keep_owner":true}},"pokemon:espeon":{"minecraft:transformation":{"into":"pokemon:espeon<pokemon:send_out>","keep_owner":true}},"pokemon:feraligatr":{"minecraft:transformation":{"into":"pokemon:feraligatr<pokemon:send_out>","keep_owner":true}},"pokemon:flaaffy":{"minecraft:transformation":{"into":"pokemon:flaaffy<pokemon:send_out>","keep_owner":true}},"pokemon:flareon":{"minecraft:transformation":{"into":"pokemon:flareon<pokemon:send_out>","keep_owner":true}},"pokemon:floatzel":{"minecraft:transformation":{"into":"pokemon:floatzel<pokemon:send_out>","keep_owner":true}},"pokemon:forretress":{"minecraft:transformation":{"into":"pokemon:forretress<pokemon:send_out>","keep_owner":true}},"pokemon:furret":{"minecraft:transformation":{"into":"pokemon:furret<pokemon:send_out>","keep_owner":true}},"pokemon:gabite":{"minecraft:transformation":{"into":"pokemon:gabite<pokemon:send_out>","keep_owner":true}},"pokemon:garchomp":{"minecraft:transformation":{"into":"pokemon:garchomp<pokemon:send_out>","keep_owner":true}},"pokemon:gastly":{"minecraft:transformation":{"into":"pokemon:gastly<pokemon:send_out>","keep_owner":true}},"pokemon:gastrodon":{"minecraft:transformation":{"into":"pokemon:gastrodon<pokemon:send_out>","keep_owner":true}},"pokemon:gengar":{"minecraft:transformation":{"into":"pokemon:gengar<pokemon:send_out>","keep_owner":true}},"pokemon:geodude":{"minecraft:transformation":{"into":"pokemon:geodude<pokemon:send_out>","keep_owner":true}},"pokemon:gible":{"minecraft:transformation":{"into":"pokemon:gible<pokemon:send_out>","keep_owner":true}},"pokemon:girafarig":{"minecraft:transformation":{"into":"pokemon:girafarig<pokemon:send_out>","keep_owner":true}},"pokemon:giratina":{"minecraft:transformation":{"into":"pokemon:giratina<pokemon:send_out>","keep_owner":true}},"pokemon:glaceon":{"minecraft:transformation":{"into":"pokemon:glaceon<pokemon:send_out>","keep_owner":true}},"pokemon:gligar":{"minecraft:transformation":{"into":"pokemon:gligar<pokemon:send_out>","keep_owner":true}},"pokemon:gliscor":{"minecraft:transformation":{"into":"pokemon:gliscor<pokemon:send_out>","keep_owner":true}},"pokemon:gloom":{"minecraft:transformation":{"into":"pokemon:gloom<pokemon:send_out>","keep_owner":true}},"pokemon:golbat":{"minecraft:transformation":{"into":"pokemon:golbat<pokemon:send_out>","keep_owner":true}},"pokemon:goldeen":{"minecraft:transformation":{"into":"pokemon:goldeen<pokemon:send_out>","keep_owner":true}},"pokemon:golduck":{"minecraft:transformation":{"into":"pokemon:golduck<pokemon:send_out>","keep_owner":true}},"pokemon:golem":{"minecraft:transformation":{"into":"pokemon:golem<pokemon:send_out>","keep_owner":true}},"pokemon:graveler":{"minecraft:transformation":{"into":"pokemon:graveler<pokemon:send_out>","keep_owner":true}},"pokemon:grotle":{"minecraft:transformation":{"into":"pokemon:grotle<pokemon:send_out>","keep_owner":true}},"pokemon:groudon":{"minecraft:transformation":{"into":"pokemon:groudon<pokemon:send_out>","keep_owner":true}},"pokemon:growlithe":{"minecraft:transformation":{"into":"pokemon:growlithe<pokemon:send_out>","keep_owner":true}},"pokemon:gyarados":{"minecraft:transformation":{"into":"pokemon:gyarados<pokemon:send_out>","keep_owner":true}},"pokemon:haunter":{"minecraft:transformation":{"into":"pokemon:haunter<pokemon:send_out>","keep_owner":true}},"pokemon:heracross":{"minecraft:transformation":{"into":"pokemon:heracross<pokemon:send_out>","keep_owner":true}},"pokemon:hitmonchan":{"minecraft:transformation":{"into":"pokemon:hitmonchan<pokemon:send_out>","keep_owner":true}},"pokemon:hitmonlee":{"minecraft:transformation":{"into":"pokemon:hitmonlee<pokemon:send_out>","keep_owner":true}},"pokemon:hitmontop":{"minecraft:transformation":{"into":"pokemon:hitmontop<pokemon:send_out>","keep_owner":true}},"pokemon:hooh":{"minecraft:transformation":{"into":"pokemon:hooh<pokemon:send_out>","keep_owner":true}},"pokemon:honchkrow":{"minecraft:transformation":{"into":"pokemon:honchkrow<pokemon:send_out>","keep_owner":true}},"pokemon:hoothoot":{"minecraft:transformation":{"into":"pokemon:hoothoot<pokemon:send_out>","keep_owner":true}},"pokemon:hoppip":{"minecraft:transformation":{"into":"pokemon:hoppip<pokemon:send_out>","keep_owner":true}},"pokemon:horsea":{"minecraft:transformation":{"into":"pokemon:horsea<pokemon:send_out>","keep_owner":true}},"pokemon:houndoom":{"minecraft:transformation":{"into":"pokemon:houndoom<pokemon:send_out>","keep_owner":true}},"pokemon:houndour":{"minecraft:transformation":{"into":"pokemon:houndour<pokemon:send_out>","keep_owner":true}},"pokemon:igglybuff":{"minecraft:transformation":{"into":"pokemon:igglybuff<pokemon:send_out>","keep_owner":true}},"pokemon:infernape":{"minecraft:transformation":{"into":"pokemon:infernape<pokemon:send_out>","keep_owner":true}},"pokemon:ivysaur":{"minecraft:transformation":{"into":"pokemon:ivysaur<pokemon:send_out>","keep_owner":true}},"pokemon:jigglypuff":{"minecraft:transformation":{"into":"pokemon:jigglypuff<pokemon:send_out>","keep_owner":true}},"pokemon:jolteon":{"minecraft:transformation":{"into":"pokemon:jolteon<pokemon:send_out>","keep_owner":true}},"pokemon:jumpluff":{"minecraft:transformation":{"into":"pokemon:jumpluff<pokemon:send_out>","keep_owner":true}},"pokemon:jynx":{"minecraft:transformation":{"into":"pokemon:jynx<pokemon:send_out>","keep_owner":true}},"pokemon:kabuto":{"minecraft:transformation":{"into":"pokemon:kabuto<pokemon:send_out>","keep_owner":true}},"pokemon:kabutops":{"minecraft:transformation":{"into":"pokemon:kabutops<pokemon:send_out>","keep_owner":true}},"pokemon:kakuna":{"minecraft:transformation":{"into":"pokemon:kakuna<pokemon:send_out>","keep_owner":true}},"pokemon:kingdra":{"minecraft:transformation":{"into":"pokemon:kingdra<pokemon:send_out>","keep_owner":true}},"pokemon:kingler":{"minecraft:transformation":{"into":"pokemon:kingler<pokemon:send_out>","keep_owner":true}},"pokemon:krabby":{"minecraft:transformation":{"into":"pokemon:krabby<pokemon:send_out>","keep_owner":true}},"pokemon:kyogre":{"minecraft:transformation":{"into":"pokemon:kyogre<pokemon:send_out>","keep_owner":true}},"pokemon:lanturn":{"minecraft:transformation":{"into":"pokemon:lanturn<pokemon:send_out>","keep_owner":true}},"pokemon:lapras":{"minecraft:transformation":{"into":"pokemon:lapras<pokemon:send_out>","keep_owner":true}},"pokemon:larvitar":{"minecraft:transformation":{"into":"pokemon:larvitar<pokemon:send_out>","keep_owner":true}},"pokemon:latias":{"minecraft:transformation":{"into":"pokemon:latias<pokemon:send_out>","keep_owner":true}},"pokemon:latios":{"minecraft:transformation":{"into":"pokemon:latios<pokemon:send_out>","keep_owner":true}},"pokemon:leafeon":{"minecraft:transformation":{"into":"pokemon:leafeon<pokemon:send_out>","keep_owner":true}},"pokemon:ledian":{"minecraft:transformation":{"into":"pokemon:ledian<pokemon:send_out>","keep_owner":true}},"pokemon:ledyba":{"minecraft:transformation":{"into":"pokemon:ledyba<pokemon:send_out>","keep_owner":true}},"pokemon:lucario":{"minecraft:transformation":{"into":"pokemon:lucario<pokemon:send_out>","keep_owner":true}},"pokemon:lugia":{"minecraft:transformation":{"into":"pokemon:lugia<pokemon:send_out>","keep_owner":true}},"pokemon:luxio":{"minecraft:transformation":{"into":"pokemon:luxio<pokemon:send_out>","keep_owner":true}},"pokemon:luxray":{"minecraft:transformation":{"into":"pokemon:luxray<pokemon:send_out>","keep_owner":true}},"pokemon:machamp":{"minecraft:transformation":{"into":"pokemon:machamp<pokemon:send_out>","keep_owner":true}},"pokemon:machoke":{"minecraft:transformation":{"into":"pokemon:machoke<pokemon:send_out>","keep_owner":true}},"pokemon:machop":{"minecraft:transformation":{"into":"pokemon:machop<pokemon:send_out>","keep_owner":true}},"pokemon:magby":{"minecraft:transformation":{"into":"pokemon:magby<pokemon:send_out>","keep_owner":true}},"pokemon:magcargo":{"minecraft:transformation":{"into":"pokemon:magcargo<pokemon:send_out>","keep_owner":true}},"pokemon:magikarp":{"minecraft:transformation":{"into":"pokemon:magikarp<pokemon:send_out>","keep_owner":true}},"pokemon:magmar":{"minecraft:transformation":{"into":"pokemon:magmar<pokemon:send_out>","keep_owner":true}},"pokemon:magmortar":{"minecraft:transformation":{"into":"pokemon:magmortar<pokemon:send_out>","keep_owner":true}},"pokemon:magnemite":{"minecraft:transformation":{"into":"pokemon:magnemite<pokemon:send_out>","keep_owner":true}},"pokemon:magneton":{"minecraft:transformation":{"into":"pokemon:magneton<pokemon:send_out>","keep_owner":true}},"pokemon:magnezone":{"minecraft:transformation":{"into":"pokemon:magnezone<pokemon:send_out>","keep_owner":true}},"pokemon:mamoswine":{"minecraft:transformation":{"into":"pokemon:mamoswine<pokemon:send_out>","keep_owner":true}},"pokemon:mankey":{"minecraft:transformation":{"into":"pokemon:mankey<pokemon:send_out>","keep_owner":true}},"pokemon:mantine":{"minecraft:transformation":{"into":"pokemon:mantine<pokemon:send_out>","keep_owner":true}},"pokemon:mantyke":{"minecraft:transformation":{"into":"pokemon:mantyke<pokemon:send_out>","keep_owner":true}},"pokemon:mareep":{"minecraft:transformation":{"into":"pokemon:mareep<pokemon:send_out>","keep_owner":true}},"pokemon:marill":{"minecraft:transformation":{"into":"pokemon:marill<pokemon:send_out>","keep_owner":true}},"pokemon:meganium":{"minecraft:transformation":{"into":"pokemon:meganium<pokemon:send_out>","keep_owner":true}},"pokemon:metapod":{"minecraft:transformation":{"into":"pokemon:metapod<pokemon:send_out>","keep_owner":true}},"pokemon:mew":{"minecraft:transformation":{"into":"pokemon:mew<pokemon:send_out>","keep_owner":true}},"pokemon:mewtwo":{"minecraft:transformation":{"into":"pokemon:mewtwo<pokemon:send_out>","keep_owner":true}},"pokemon:miltank":{"minecraft:transformation":{"into":"pokemon:miltank<pokemon:send_out>","keep_owner":true}},"pokemon:moltres":{"minecraft:transformation":{"into":"pokemon:moltres<pokemon:send_out>","keep_owner":true}},"pokemon:monferno":{"minecraft:transformation":{"into":"pokemon:monferno<pokemon:send_out>","keep_owner":true}},"pokemon:munchlax":{"minecraft:transformation":{"into":"pokemon:munchlax<pokemon:send_out>","keep_owner":true}},"pokemon:murkrow":{"minecraft:transformation":{"into":"pokemon:murkrow<pokemon:send_out>","keep_owner":true}},"pokemon:natu":{"minecraft:transformation":{"into":"pokemon:natu<pokemon:send_out>","keep_owner":true}},"pokemon:noctowl":{"minecraft:transformation":{"into":"pokemon:noctowl<pokemon:send_out>","keep_owner":true}},"pokemon:octillery":{"minecraft:transformation":{"into":"pokemon:octillery<pokemon:send_out>","keep_owner":true}},"pokemon:oddish":{"minecraft:transformation":{"into":"pokemon:oddish<pokemon:send_out>","keep_owner":true}},"pokemon:omanyte":{"minecraft:transformation":{"into":"pokemon:omanyte<pokemon:send_out>","keep_owner":true}},"pokemon:omastar":{"minecraft:transformation":{"into":"pokemon:omastar<pokemon:send_out>","keep_owner":true}},"pokemon:onix":{"minecraft:transformation":{"into":"pokemon:onix<pokemon:send_out>","keep_owner":true}},"pokemon:palkia":{"minecraft:transformation":{"into":"pokemon:palkia<pokemon:send_out>","keep_owner":true}},"pokemon:phanpy":{"minecraft:transformation":{"into":"pokemon:phanpy<pokemon:send_out>","keep_owner":true}},"pokemon:pichu":{"minecraft:transformation":{"into":"pokemon:pichu<pokemon:send_out>","keep_owner":true}},"pokemon:pidgeot":{"minecraft:transformation":{"into":"pokemon:pidgeot<pokemon:send_out>","keep_owner":true}},"pokemon:pidgeotto":{"minecraft:transformation":{"into":"pokemon:pidgeotto<pokemon:send_out>","keep_owner":true}},"pokemon:pidgey":{"minecraft:transformation":{"into":"pokemon:pidgey<pokemon:send_out>","keep_owner":true}},"pokemon:pikachu":{"minecraft:transformation":{"into":"pokemon:pikachu<pokemon:send_out>","keep_owner":true}},"pokemon:piloswine":{"minecraft:transformation":{"into":"pokemon:piloswine<pokemon:send_out>","keep_owner":true}},"pokemon:pineco":{"minecraft:transformation":{"into":"pokemon:pineco<pokemon:send_out>","keep_owner":true}},"pokemon:piplup":{"minecraft:transformation":{"into":"pokemon:piplup<pokemon:send_out>","keep_owner":true}},"pokemon:politoed":{"minecraft:transformation":{"into":"pokemon:politoed<pokemon:send_out>","keep_owner":true}},"pokemon:poliwag":{"minecraft:transformation":{"into":"pokemon:poliwag<pokemon:send_out>","keep_owner":true}},"pokemon:poliwhirl":{"minecraft:transformation":{"into":"pokemon:poliwhirl<pokemon:send_out>","keep_owner":true}},"pokemon:poliwrath":{"minecraft:transformation":{"into":"pokemon:poliwrath<pokemon:send_out>","keep_owner":true}},"pokemon:porygon":{"minecraft:transformation":{"into":"pokemon:porygon<pokemon:send_out>","keep_owner":true}},"pokemon:porygonz":{"minecraft:transformation":{"into":"pokemon:porygonz<pokemon:send_out>","keep_owner":true}},"pokemon:porygon2":{"minecraft:transformation":{"into":"pokemon:porygon2<pokemon:send_out>","keep_owner":true}},"pokemon:primeape":{"minecraft:transformation":{"into":"pokemon:primeape<pokemon:send_out>","keep_owner":true}},"pokemon:prinplup":{"minecraft:transformation":{"into":"pokemon:prinplup<pokemon:send_out>","keep_owner":true}},"pokemon:psyduck":{"minecraft:transformation":{"into":"pokemon:psyduck<pokemon:send_out>","keep_owner":true}},"pokemon:pupitar":{"minecraft:transformation":{"into":"pokemon:pupitar<pokemon:send_out>","keep_owner":true}},"pokemon:quagsire":{"minecraft:transformation":{"into":"pokemon:quagsire<pokemon:send_out>","keep_owner":true}},"pokemon:quilava":{"minecraft:transformation":{"into":"pokemon:quilava<pokemon:send_out>","keep_owner":true}},"pokemon:qwilfish":{"minecraft:transformation":{"into":"pokemon:qwilfish<pokemon:send_out>","keep_owner":true}},"pokemon:raichu":{"minecraft:transformation":{"into":"pokemon:raichu<pokemon:send_out>","keep_owner":true}},"pokemon:raikou":{"minecraft:transformation":{"into":"pokemon:raikou<pokemon:send_out>","keep_owner":true}},"pokemon:rayquaza":{"minecraft:transformation":{"into":"pokemon:rayquaza<pokemon:send_out>","keep_owner":true}},"pokemon:regice":{"minecraft:transformation":{"into":"pokemon:regice<pokemon:send_out>","keep_owner":true}},"pokemon:regigigas":{"minecraft:transformation":{"into":"pokemon:regigigas<pokemon:send_out>","keep_owner":true}},"pokemon:regirock":{"minecraft:transformation":{"into":"pokemon:regirock<pokemon:send_out>","keep_owner":true}},"pokemon:registeel":{"minecraft:transformation":{"into":"pokemon:registeel<pokemon:send_out>","keep_owner":true}},"pokemon:remoraid":{"minecraft:transformation":{"into":"pokemon:remoraid<pokemon:send_out>","keep_owner":true}},"pokemon:riolu":{"minecraft:transformation":{"into":"pokemon:riolu<pokemon:send_out>","keep_owner":true}},"pokemon:scizor":{"minecraft:transformation":{"into":"pokemon:scizor<pokemon:send_out>","keep_owner":true}},"pokemon:scyther":{"minecraft:transformation":{"into":"pokemon:scyther<pokemon:send_out>","keep_owner":true}},"pokemon:seadra":{"minecraft:transformation":{"into":"pokemon:seadra<pokemon:send_out>","keep_owner":true}},"pokemon:seaking":{"minecraft:transformation":{"into":"pokemon:seaking<pokemon:send_out>","keep_owner":true}},"pokemon:seel":{"minecraft:transformation":{"into":"pokemon:seel<pokemon:send_out>","keep_owner":true}},"pokemon:sentret":{"minecraft:transformation":{"into":"pokemon:sentret<pokemon:send_out>","keep_owner":true}},"pokemon:shellder":{"minecraft:transformation":{"into":"pokemon:shellder<pokemon:send_out>","keep_owner":true}},"pokemon:shinx":{"minecraft:transformation":{"into":"pokemon:shinx<pokemon:send_out>","keep_owner":true}},"pokemon:shuckle":{"minecraft:transformation":{"into":"pokemon:shuckle<pokemon:send_out>","keep_owner":true}},"pokemon:skarmory":{"minecraft:transformation":{"into":"pokemon:skarmory<pokemon:send_out>","keep_owner":true}},"pokemon:skiploom":{"minecraft:transformation":{"into":"pokemon:skiploom<pokemon:send_out>","keep_owner":true}},"pokemon:slowbro":{"minecraft:transformation":{"into":"pokemon:slowbro<pokemon:send_out>","keep_owner":true}},"pokemon:slowking":{"minecraft:transformation":{"into":"pokemon:slowking<pokemon:send_out>","keep_owner":true}},"pokemon:slowpoke":{"minecraft:transformation":{"into":"pokemon:slowpoke<pokemon:send_out>","keep_owner":true}},"pokemon:slugma":{"minecraft:transformation":{"into":"pokemon:slugma<pokemon:send_out>","keep_owner":true}},"pokemon:smeargle":{"minecraft:transformation":{"into":"pokemon:smeargle<pokemon:send_out>","keep_owner":true}},"pokemon:smoochum":{"minecraft:transformation":{"into":"pokemon:smoochum<pokemon:send_out>","keep_owner":true}},"pokemon:sneasel":{"minecraft:transformation":{"into":"pokemon:sneasel<pokemon:send_out>","keep_owner":true}},"pokemon:snorlax":{"minecraft:transformation":{"into":"pokemon:snorlax<pokemon:send_out>","keep_owner":true}},"pokemon:spinarak":{"minecraft:transformation":{"into":"pokemon:spinarak<pokemon:send_out>","keep_owner":true}},"pokemon:squirtle":{"minecraft:transformation":{"into":"pokemon:squirtle<pokemon:send_out>","keep_owner":true}},"pokemon:stantler":{"minecraft:transformation":{"into":"pokemon:stantler<pokemon:send_out>","keep_owner":true}},"pokemon:starmie":{"minecraft:transformation":{"into":"pokemon:starmie<pokemon:send_out>","keep_owner":true}},"pokemon:staryu":{"minecraft:transformation":{"into":"pokemon:staryu<pokemon:send_out>","keep_owner":true}},"pokemon:steelix":{"minecraft:transformation":{"into":"pokemon:steelix<pokemon:send_out>","keep_owner":true}},"pokemon:sudowoodo":{"minecraft:transformation":{"into":"pokemon:sudowoodo<pokemon:send_out>","keep_owner":true}},"pokemon:suicune":{"minecraft:transformation":{"into":"pokemon:suicune<pokemon:send_out>","keep_owner":true}},"pokemon:swinub":{"minecraft:transformation":{"into":"pokemon:swinub<pokemon:send_out>","keep_owner":true}},"pokemon:sylveon":{"minecraft:transformation":{"into":"pokemon:sylveon<pokemon:send_out>","keep_owner":true}},"pokemon:teddiursa":{"minecraft:transformation":{"into":"pokemon:teddiursa<pokemon:send_out>","keep_owner":true}},"pokemon:tentacool":{"minecraft:transformation":{"into":"pokemon:tentacool<pokemon:send_out>","keep_owner":true}},"pokemon:tentacruel":{"minecraft:transformation":{"into":"pokemon:tentacruel<pokemon:send_out>","keep_owner":true}},"pokemon:togekiss":{"minecraft:transformation":{"into":"pokemon:togekiss<pokemon:send_out>","keep_owner":true}},"pokemon:togepi":{"minecraft:transformation":{"into":"pokemon:togepi<pokemon:send_out>","keep_owner":true}},"pokemon:togetic":{"minecraft:transformation":{"into":"pokemon:togetic<pokemon:send_out>","keep_owner":true}},"pokemon:torterra":{"minecraft:transformation":{"into":"pokemon:torterra<pokemon:send_out>","keep_owner":true}},"pokemon:totodile":{"minecraft:transformation":{"into":"pokemon:totodile<pokemon:send_out>","keep_owner":true}},"pokemon:turtwig":{"minecraft:transformation":{"into":"pokemon:turtwig<pokemon:send_out>","keep_owner":true}},"pokemon:typhlosion":{"minecraft:transformation":{"into":"pokemon:typhlosion<pokemon:send_out>","keep_owner":true}},"pokemon:tyranitar":{"minecraft:transformation":{"into":"pokemon:tyranitar<pokemon:send_out>","keep_owner":true}},"pokemon:tyrogue":{"minecraft:transformation":{"into":"pokemon:tyrogue<pokemon:send_out>","keep_owner":true}},"pokemon:umbreon":{"minecraft:transformation":{"into":"pokemon:umbreon<pokemon:send_out>","keep_owner":true}},"pokemon:ursaring":{"minecraft:transformation":{"into":"pokemon:ursaring<pokemon:send_out>","keep_owner":true}},"pokemon:vaporeon":{"minecraft:transformation":{"into":"pokemon:vaporeon<pokemon:send_out>","keep_owner":true}},"pokemon:venusaur":{"minecraft:transformation":{"into":"pokemon:venusaur<pokemon:send_out>","keep_owner":true}},"pokemon:vileplume":{"minecraft:transformation":{"into":"pokemon:vileplume<pokemon:send_out>","keep_owner":true}},"pokemon:wartortle":{"minecraft:transformation":{"into":"pokemon:wartortle<pokemon:send_out>","keep_owner":true}},"pokemon:weavile":{"minecraft:transformation":{"into":"pokemon:weavile<pokemon:send_out>","keep_owner":true}},"pokemon:weedle":{"minecraft:transformation":{"into":"pokemon:weedle<pokemon:send_out>","keep_owner":true}},"pokemon:wigglytuff":{"minecraft:transformation":{"into":"pokemon:wigglytuff<pokemon:send_out>","keep_owner":true}},"pokemon:wooper":{"minecraft:transformation":{"into":"pokemon:wooper<pokemon:send_out>","keep_owner":true}},"pokemon:xatu":{"minecraft:transformation":{"into":"pokemon:xatu<pokemon:send_out>","keep_owner":true}},"pokemon:zapdos":{"minecraft:transformation":{"into":"pokemon:zapdos<pokemon:send_out>","keep_owner":true}},"pokemon:zubat":{"minecraft:transformation":{"into":"pokemon:zubat<pokemon:send_out>","keep_owner":true}},"pokemon:abra":{"minecraft:transformation":{"into":"pokemon:abra<pokemon:send_out>","keep_owner":true}},"pokemon:alakazam":{"minecraft:transformation":{"into":"pokemon:alakazam<pokemon:send_out>","keep_owner":true}},"pokemon:kadabra":{"minecraft:transformation":{"into":"pokemon:kadabra<pokemon:send_out>","keep_owner":true}},"pokemon:chansey":{"minecraft:transformation":{"into":"pokemon:chansey<pokemon:send_out>","keep_owner":true}},"pokemon:exeggcute":{"minecraft:transformation":{"into":"pokemon:exeggcute<pokemon:send_out>","keep_owner":true}},"pokemon:exeggutor":{"minecraft:transformation":{"into":"pokemon:exeggutor<pokemon:send_out>","keep_owner":true}},"pokemon:farfetchd":{"minecraft:transformation":{"into":"pokemon:farfetchd<pokemon:send_out>","keep_owner":true}},"pokemon:kangaskhan":{"minecraft:transformation":{"into":"pokemon:kangaskhan<pokemon:send_out>","keep_owner":true}},"pokemon:koffing":{"minecraft:transformation":{"into":"pokemon:koffing<pokemon:send_out>","keep_owner":true}},"pokemon:weezing":{"minecraft:transformation":{"into":"pokemon:weezing<pokemon:send_out>","keep_owner":true}},"pokemon:lickitung":{"minecraft:transformation":{"into":"pokemon:lickitung<pokemon:send_out>","keep_owner":true}},"pokemon:mrmime":{"minecraft:transformation":{"into":"pokemon:mrmime<pokemon:send_out>","keep_owner":true}},"pokemon:pinsir":{"minecraft:transformation":{"into":"pokemon:pinsir<pokemon:send_out>","keep_owner":true}},"pokemon:sandslash":{"minecraft:transformation":{"into":"pokemon:sandslash<pokemon:send_out>","keep_owner":true}},"pokemon:sandshrew":{"minecraft:transformation":{"into":"pokemon:sandshrew<pokemon:send_out>","keep_owner":true}},"pokemon:tangela":{"minecraft:transformation":{"into":"pokemon:tangela<pokemon:send_out>","keep_owner":true}},"pokemon:tauros":{"minecraft:transformation":{"into":"pokemon:tauros<pokemon:send_out>","keep_owner":true}},"pokemon:drowzee":{"minecraft:transformation":{"into":"pokemon:drowzee<pokemon:send_out>","keep_owner":true}},"pokemon:hypno":{"minecraft:transformation":{"into":"pokemon:hypno<pokemon:send_out>","keep_owner":true}},"pokemon:paras":{"minecraft:transformation":{"into":"pokemon:paras<pokemon:send_out>","keep_owner":true}},"pokemon:parasect":{"minecraft:transformation":{"into":"pokemon:parasect<pokemon:send_out>","keep_owner":true}},"pokemon:venomoth":{"minecraft:transformation":{"into":"pokemon:venomoth<pokemon:send_out>","keep_owner":true}},"pokemon:venonat":{"minecraft:transformation":{"into":"pokemon:venonat<pokemon:send_out>","keep_owner":true}},"pokemon:vulpix":{"minecraft:transformation":{"into":"pokemon:vulpix<pokemon:send_out>","keep_owner":true}},"pokemon:ninetales":{"minecraft:transformation":{"into":"pokemon:ninetales<pokemon:send_out>","keep_owner":true}},"pokemon:lileep":{"minecraft:transformation":{"into":"pokemon:lileep<pokemon:send_out>","keep_owner":true}},"pokemon:cradily":{"minecraft:transformation":{"into":"pokemon:cradily<pokemon:send_out>","keep_owner":true}},"pokemon:petilil":{"minecraft:transformation":{"into":"pokemon:petilil<pokemon:send_out>","keep_owner":true}},"pokemon:swadloon":{"minecraft:transformation":{"into":"pokemon:swadloon<pokemon:send_out>","keep_owner":true}},"pokemon:sewaddle":{"minecraft:transformation":{"into":"pokemon:sewaddle<pokemon:send_out>","keep_owner":true}},"pokemon:jirachi":{"minecraft:transformation":{"into":"pokemon:jirachi<pokemon:send_out>","keep_owner":true}},"pokemon:cosmog":{"minecraft:transformation":{"into":"pokemon:cosmog<pokemon:send_out>","keep_owner":true}},"pokemon:axew":{"minecraft:transformation":{"into":"pokemon:axew<pokemon:send_out>","keep_owner":true}},"pokemon:azelf":{"minecraft:transformation":{"into":"pokemon:azelf<pokemon:send_out>","keep_owner":true}},"pokemon:blaziken":{"minecraft:transformation":{"into":"pokemon:blaziken<pokemon:send_out>","keep_owner":true}},"pokemon:combusken":{"minecraft:transformation":{"into":"pokemon:combusken<pokemon:send_out>","keep_owner":true}},"pokemon:fraxure":{"minecraft:transformation":{"into":"pokemon:fraxure<pokemon:send_out>","keep_owner":true}},"pokemon:grovyle":{"minecraft:transformation":{"into":"pokemon:grovyle<pokemon:send_out>","keep_owner":true}},"pokemon:haxorus":{"minecraft:transformation":{"into":"pokemon:haxorus<pokemon:send_out>","keep_owner":true}},"pokemon:lunala":{"minecraft:transformation":{"into":"pokemon:lunala<pokemon:send_out>","keep_owner":true}},"pokemon:marshtomp":{"minecraft:transformation":{"into":"pokemon:marshtomp<pokemon:send_out>","keep_owner":true}},"pokemon:mesprit":{"minecraft:transformation":{"into":"pokemon:mesprit<pokemon:send_out>","keep_owner":true}},"pokemon:mudkip":{"minecraft:transformation":{"into":"pokemon:mudkip<pokemon:send_out>","keep_owner":true}},"pokemon:sableye":{"minecraft:transformation":{"into":"pokemon:sableye<pokemon:send_out>","keep_owner":true}},"pokemon:sceptile":{"minecraft:transformation":{"into":"pokemon:sceptile<pokemon:send_out>","keep_owner":true}},"pokemon:swampert":{"minecraft:transformation":{"into":"pokemon:swampert<pokemon:send_out>","keep_owner":true}},"pokemon:torchic":{"minecraft:transformation":{"into":"pokemon:torchic<pokemon:send_out>","keep_owner":true}},"pokemon:treecko":{"minecraft:transformation":{"into":"pokemon:treecko<pokemon:send_out>","keep_owner":true}},"pokemon:tyrunt":{"minecraft:transformation":{"into":"pokemon:tyrunt<pokemon:send_out>","keep_owner":true}},"pokemon:uxie":{"minecraft:transformation":{"into":"pokemon:uxie<pokemon:send_out>","keep_owner":true}},"pokemon:diglett":{"minecraft:transformation":{"into":"pokemon:diglett<pokemon:send_out>","keep_owner":true}},"pokemon:dugtrio":{"minecraft:transformation":{"into":"pokemon:dugtrio<pokemon:send_out>","keep_owner":true}},"pokemon:electrode":{"minecraft:transformation":{"into":"pokemon:electrode<pokemon:send_out>","keep_owner":true}},"pokemon:voltorb":{"minecraft:transformation":{"into":"pokemon:voltorb<pokemon:send_out>","keep_owner":true}},"pokemon:dewott":{"minecraft:transformation":{"into":"pokemon:dewott<pokemon:send_out>","keep_owner":true}},"pokemon:oshawott":{"minecraft:transformation":{"into":"pokemon:oshawott<pokemon:send_out>","keep_owner":true}},"pokemon:samurott":{"minecraft:transformation":{"into":"pokemon:samurott<pokemon:send_out>","keep_owner":true}},"pokemon:serperior":{"minecraft:transformation":{"into":"pokemon:serperior<pokemon:send_out>","keep_owner":true}},"pokemon:servine":{"minecraft:transformation":{"into":"pokemon:servine<pokemon:send_out>","keep_owner":true}},"pokemon:snivy":{"minecraft:transformation":{"into":"pokemon:snivy<pokemon:send_out>","keep_owner":true}},"pokemon:emboar":{"minecraft:transformation":{"into":"pokemon:emboar<pokemon:send_out>","keep_owner":true}},"pokemon:pignite":{"minecraft:transformation":{"into":"pokemon:pignite<pokemon:send_out>","keep_owner":true}},"pokemon:tepig":{"minecraft:transformation":{"into":"pokemon:tepig<pokemon:send_out>","keep_owner":true}},"pokemon:chesnaught":{"minecraft:transformation":{"into":"pokemon:chesnaught<pokemon:send_out>","keep_owner":true}},"pokemon:chespin":{"minecraft:transformation":{"into":"pokemon:chespin<pokemon:send_out>","keep_owner":true}},"pokemon:quilladin":{"minecraft:transformation":{"into":"pokemon:quilladin<pokemon:send_out>","keep_owner":true}},"pokemon:braixen":{"minecraft:transformation":{"into":"pokemon:braixen<pokemon:send_out>","keep_owner":true}},"pokemon:delphox":{"minecraft:transformation":{"into":"pokemon:delphox<pokemon:send_out>","keep_owner":true}},"pokemon:fennekin":{"minecraft:transformation":{"into":"pokemon:fennekin<pokemon:send_out>","keep_owner":true}},"pokemon:froakie":{"minecraft:transformation":{"into":"pokemon:froakie<pokemon:send_out>","keep_owner":true}},"pokemon:frogadier":{"minecraft:transformation":{"into":"pokemon:frogadier<pokemon:send_out>","keep_owner":true}},"pokemon:greninja":{"minecraft:transformation":{"into":"pokemon:greninja<pokemon:send_out>","keep_owner":true}},"pokemon:incineroar":{"minecraft:transformation":{"into":"pokemon:incineroar<pokemon:send_out>","keep_owner":true}},"pokemon:litten":{"minecraft:transformation":{"into":"pokemon:litten<pokemon:send_out>","keep_owner":true}},"pokemon:torracat":{"minecraft:transformation":{"into":"pokemon:torracat<pokemon:send_out>","keep_owner":true}},"pokemon:brionne":{"minecraft:transformation":{"into":"pokemon:brionne<pokemon:send_out>","keep_owner":true}},"pokemon:popplio":{"minecraft:transformation":{"into":"pokemon:popplio<pokemon:send_out>","keep_owner":true}},"pokemon:primarina":{"minecraft:transformation":{"into":"pokemon:primarina<pokemon:send_out>","keep_owner":true}},"pokemon:dartrix":{"minecraft:transformation":{"into":"pokemon:dartrix<pokemon:send_out>","keep_owner":true}},"pokemon:decidueye":{"minecraft:transformation":{"into":"pokemon:decidueye<pokemon:send_out>","keep_owner":true}},"pokemon:rowlet":{"minecraft:transformation":{"into":"pokemon:rowlet<pokemon:send_out>","keep_owner":true}},"pokemon:grookey":{"minecraft:transformation":{"into":"pokemon:grookey<pokemon:send_out>","keep_owner":true}},"pokemon:rillaboom":{"minecraft:transformation":{"into":"pokemon:rillaboom<pokemon:send_out>","keep_owner":true}},"pokemon:thwackey":{"minecraft:transformation":{"into":"pokemon:thwackey<pokemon:send_out>","keep_owner":true}},"pokemon:drizzile":{"minecraft:transformation":{"into":"pokemon:drizzile<pokemon:send_out>","keep_owner":true}},"pokemon:inteleon":{"minecraft:transformation":{"into":"pokemon:inteleon<pokemon:send_out>","keep_owner":true}},"pokemon:sobble":{"minecraft:transformation":{"into":"pokemon:sobble<pokemon:send_out>","keep_owner":true}},"pokemon:crocalor":{"minecraft:transformation":{"into":"pokemon:crocalor<pokemon:send_out>","keep_owner":true}},"pokemon:fuecoco":{"minecraft:transformation":{"into":"pokemon:fuecoco<pokemon:send_out>","keep_owner":true}},"pokemon:skeledirge":{"minecraft:transformation":{"into":"pokemon:skeledirge<pokemon:send_out>","keep_owner":true}},"pokemon:quaquaval":{"minecraft:transformation":{"into":"pokemon:quaquaval<pokemon:send_out>","keep_owner":true}},"pokemon:quaxwell":{"minecraft:transformation":{"into":"pokemon:quaxwell<pokemon:send_out>","keep_owner":true}},"pokemon:quaxly":{"minecraft:transformation":{"into":"pokemon:quaxly<pokemon:send_out>","keep_owner":true}},"pokemon:floragato":{"minecraft:transformation":{"into":"pokemon:floragato<pokemon:send_out>","keep_owner":true}},"pokemon:meowscarada":{"minecraft:transformation":{"into":"pokemon:meowscarada<pokemon:send_out>","keep_owner":true}},"pokemon:sprigatito":{"minecraft:transformation":{"into":"pokemon:sprigatito<pokemon:send_out>","keep_owner":true}},"pokemon:ditto":{"minecraft:transformation":{"into":"pokemon:ditto<pokemon:send_out>","keep_owner":true}},"pokemon:meowth":{"minecraft:transformation":{"into":"pokemon:meowth<pokemon:send_out>","keep_owner":true}},"pokemon:persian":{"minecraft:transformation":{"into":"pokemon:persian<pokemon:send_out>","keep_owner":true}},"pokemon:nidoking":{"minecraft:transformation":{"into":"pokemon:nidoking<pokemon:send_out>","keep_owner":true}},"pokemon:nidoranm":{"minecraft:transformation":{"into":"pokemon:nidoranm<pokemon:send_out>","keep_owner":true}},"pokemon:nidorino":{"minecraft:transformation":{"into":"pokemon:nidorino<pokemon:send_out>","keep_owner":true}},"pokemon:nidoqueen":{"minecraft:transformation":{"into":"pokemon:nidoqueen<pokemon:send_out>","keep_owner":true}},"pokemon:nidoranf":{"minecraft:transformation":{"into":"pokemon:nidoranf<pokemon:send_out>","keep_owner":true}},"pokemon:nidorina":{"minecraft:transformation":{"into":"pokemon:nidorina<pokemon:send_out>","keep_owner":true}},"pokemon:scorbunny":{"minecraft:transformation":{"into":"pokemon:scorbunny<pokemon:send_out>","keep_owner":true}},"pokemon:raboot":{"minecraft:transformation":{"into":"pokemon:raboot<pokemon:send_out>","keep_owner":true}},"pokemon:cinderace":{"minecraft:transformation":{"into":"pokemon:cinderace<pokemon:send_out>","keep_owner":true}},"pokemon:larvesta":{"minecraft:transformation":{"into":"pokemon:larvesta<pokemon:send_out>","keep_owner":true}},"pokemon:ironmoth":{"minecraft:transformation":{"into":"pokemon:ironmoth<pokemon:send_out>","keep_owner":true}},"pokemon:volcarona":{"minecraft:transformation":{"into":"pokemon:volcarona<pokemon:send_out>","keep_owner":true}},"pokemon:slitherwing":{"minecraft:transformation":{"into":"pokemon:slitherwing<pokemon:send_out>","keep_owner":true}},"pokemon:xurkitree":{"minecraft:transformation":{"into":"pokemon:xurkitree<pokemon:send_out>","keep_owner":true}},"pokemon:toedscool":{"minecraft:transformation":{"into":"pokemon:toedscool<pokemon:send_out>","keep_owner":true}},"pokemon:tapukoko":{"minecraft:transformation":{"into":"pokemon:tapukoko<pokemon:send_out>","keep_owner":true}},"pokemon:toedscruel":{"minecraft:transformation":{"into":"pokemon:toedscruel<pokemon:send_out>","keep_owner":true}},"pokemon:ralts":{"minecraft:transformation":{"into":"pokemon:ralts<pokemon:send_out>","keep_owner":true}},"pokemon:gardevoir":{"minecraft:transformation":{"into":"pokemon:gardevoir<pokemon:send_out>","keep_owner":true}},"pokemon:kirlia":{"minecraft:transformation":{"into":"pokemon:kirlia<pokemon:send_out>","keep_owner":true}},"pokemon:trapinch":{"minecraft:transformation":{"into":"pokemon:trapinch<pokemon:send_out>","keep_owner":true}},"pokemon:flygon":{"minecraft:transformation":{"into":"pokemon:flygon<pokemon:send_out>","keep_owner":true}},"pokemon:vibrava":{"minecraft:transformation":{"into":"pokemon:vibrava<pokemon:send_out>","keep_owner":true}},"pokemon:pawmi":{"minecraft:transformation":{"into":"pokemon:pawmi<pokemon:send_out>","keep_owner":true}},"pokemon:pawmot":{"minecraft:transformation":{"into":"pokemon:pawmot<pokemon:send_out>","keep_owner":true}},"pokemon:breloom":{"minecraft:transformation":{"into":"pokemon:breloom<pokemon:send_out>","keep_owner":true}},"pokemon:cinccino":{"minecraft:transformation":{"into":"pokemon:cinccino<pokemon:send_out>","keep_owner":true}},"pokemon:minccino":{"minecraft:transformation":{"into":"pokemon:minccino<pokemon:send_out>","keep_owner":true}},"pokemon:misdreavus":{"minecraft:transformation":{"into":"pokemon:misdreavus<pokemon:send_out>","keep_owner":true}},"pokemon:sharpedo":{"minecraft:transformation":{"into":"pokemon:sharpedo<pokemon:send_out>","keep_owner":true}},"pokemon:carvanha":{"minecraft:transformation":{"into":"pokemon:carvanha<pokemon:send_out>","keep_owner":true}},"pokemon:vivillon":{"minecraft:transformation":{"into":"pokemon:vivillon<pokemon:send_out>","keep_owner":true}},"pokemon:roaringmoon":{"minecraft:transformation":{"into":"pokemon:roaringmoon<pokemon:send_out>","keep_owner":true}},"pokemon:beldum":{"minecraft:transformation":{"into":"pokemon:beldum<pokemon:send_out>","keep_owner":true}},"pokemon:metagross":{"minecraft:transformation":{"into":"pokemon:metagross<pokemon:send_out>","keep_owner":true}},"pokemon:metang":{"minecraft:transformation":{"into":"pokemon:metang<pokemon:send_out>","keep_owner":true}},"pokemon:shroomish":{"minecraft:transformation":{"into":"pokemon:shroomish<pokemon:send_out>","keep_owner":true}},"pokemon:meowstic":{"minecraft:transformation":{"into":"pokemon:meowstic<pokemon:send_out>","keep_owner":true}},"pokemon:meowsticf":{"minecraft:transformation":{"into":"pokemon:meowsticf<pokemon:send_out>","keep_owner":true}},"pokemon:wailord":{"minecraft:transformation":{"into":"pokemon:wailord<pokemon:send_out>","keep_owner":true}},"pokemon:wailmer":{"minecraft:transformation":{"into":"pokemon:wailmer<pokemon:send_out>","keep_owner":true}},"pokemon:mareanie":{"minecraft:transformation":{"into":"pokemon:mareanie<pokemon:send_out>","keep_owner":true}},"pokemon:toxapex":{"minecraft:transformation":{"into":"pokemon:toxapex<pokemon:send_out>","keep_owner":true}},"pokemon:yveltal":{"minecraft:transformation":{"into":"pokemon:yveltal<pokemon:send_out>","keep_owner":true}},"pokemon:armaldo":{"minecraft:transformation":{"into":"pokemon:armaldo<pokemon:send_out>","keep_owner":true}},"pokemon:taillow":{"minecraft:transformation":{"into":"pokemon:taillow<pokemon:send_out>","keep_owner":true}},"pokemon:mimikyu":{"minecraft:transformation":{"into":"pokemon:mimikyu<pokemon:send_out>","keep_owner":true}},"pokemon:swellow":{"minecraft:transformation":{"into":"pokemon:swellow<pokemon:send_out>","keep_owner":true}},"pokemon:spheal":{"minecraft:transformation":{"into":"pokemon:spheal<pokemon:send_out>","keep_owner":true}},"pokemon:xerneas":{"minecraft:transformation":{"into":"pokemon:xerneas<pokemon:send_out>","keep_owner":true}},"pokemon:pikipek":{"minecraft:transformation":{"into":"pokemon:pikipek<pokemon:send_out>","keep_owner":true}},"pokemon:trumbeak":{"minecraft:transformation":{"into":"pokemon:trumbeak<pokemon:send_out>","keep_owner":true}},"pokemon:toucannon":{"minecraft:transformation":{"into":"pokemon:toucannon<pokemon:send_out>","keep_owner":true}},"pokemon:scatterbug":{"minecraft:transformation":{"into":"pokemon:scatterbug<pokemon:send_out>","keep_owner":true}},"pokemon:spewpa":{"minecraft:transformation":{"into":"pokemon:spewpa<pokemon:send_out>","keep_owner":true}},"pokemon:applin":{"minecraft:transformation":{"into":"pokemon:applin<pokemon:send_out>","keep_owner":true}},"pokemon:doduo":{"minecraft:transformation":{"into":"pokemon:doduo<pokemon:send_out>","keep_owner":true}},"pokemon:dodrio":{"minecraft:transformation":{"into":"pokemon:dodrio<pokemon:send_out>","keep_owner":true}},"pokemon:zekrom":{"minecraft:transformation":{"into":"pokemon:zekrom<pokemon:send_out>","keep_owner":true}},"pokemon:reshiram":{"minecraft:transformation":{"into":"pokemon:reshiram<pokemon:send_out>","keep_owner":true}},"pokemon:zigzagoon":{"minecraft:transformation":{"into":"pokemon:zigzagoon<pokemon:send_out>","keep_owner":true}},"pokemon:linoone":{"minecraft:transformation":{"into":"pokemon:linoone<pokemon:send_out>","keep_owner":true}},"pokemon:amaura":{"minecraft:transformation":{"into":"pokemon:amaura<pokemon:send_out>","keep_owner":true}}},"events":{"pokemon:aerodactyl":{"add":{"component_groups":["pokemon:aerodactyl"]}},"pokemon:aipom":{"add":{"component_groups":["pokemon:aipom"]}},"pokemon:ambipom":{"add":{"component_groups":["pokemon:ambipom"]}},"pokemon:ampharos":{"add":{"component_groups":["pokemon:ampharos"]}},"pokemon:arbok":{"add":{"component_groups":["pokemon:arbok"]}},"pokemon:arcanine":{"add":{"component_groups":["pokemon:arcanine"]}},"pokemon:arceus":{"add":{"component_groups":["pokemon:arceus"]}},"pokemon:ariados":{"add":{"component_groups":["pokemon:ariados"]}},"pokemon:articuno":{"add":{"component_groups":["pokemon:articuno"]}},"pokemon:azumarill":{"add":{"component_groups":["pokemon:azumarill"]}},"pokemon:azurill":{"add":{"component_groups":["pokemon:azurill"]}},"pokemon:bayleef":{"add":{"component_groups":["pokemon:bayleef"]}},"pokemon:beedrill":{"add":{"component_groups":["pokemon:beedrill"]}},"pokemon:bellossom":{"add":{"component_groups":["pokemon:bellossom"]}},"pokemon:bibarel":{"add":{"component_groups":["pokemon:bibarel"]}},"pokemon:bidoof":{"add":{"component_groups":["pokemon:bidoof"]}},"pokemon:blastoise":{"add":{"component_groups":["pokemon:blastoise"]}},"pokemon:bonsly":{"add":{"component_groups":["pokemon:bonsly"]}},"pokemon:buizel":{"add":{"component_groups":["pokemon:buizel"]}},"pokemon:bulbasaur":{"add":{"component_groups":["pokemon:bulbasaur"]}},"pokemon:butterfree":{"add":{"component_groups":["pokemon:butterfree"]}},"pokemon:caterpie":{"add":{"component_groups":["pokemon:caterpie"]}},"pokemon:celebi":{"add":{"component_groups":["pokemon:celebi"]}},"pokemon:charizard":{"add":{"component_groups":["pokemon:charizard"]}},"pokemon:charmander":{"add":{"component_groups":["pokemon:charmander"]}},"pokemon:charmeleon":{"add":{"component_groups":["pokemon:charmeleon"]}},"pokemon:chikorita":{"add":{"component_groups":["pokemon:chikorita"]}},"pokemon:chimchar":{"add":{"component_groups":["pokemon:chimchar"]}},"pokemon:chinchou":{"add":{"component_groups":["pokemon:chinchou"]}},"pokemon:clefable":{"add":{"component_groups":["pokemon:clefable"]}},"pokemon:clefairy":{"add":{"component_groups":["pokemon:clefairy"]}},"pokemon:cleffa":{"add":{"component_groups":["pokemon:cleffa"]}},"pokemon:cloyster":{"add":{"component_groups":["pokemon:cloyster"]}},"pokemon:corsola":{"add":{"component_groups":["pokemon:corsola"]}},"pokemon:cresselia":{"add":{"component_groups":["pokemon:cresselia"]}},"pokemon:crobat":{"add":{"component_groups":["pokemon:crobat"]}},"pokemon:croconaw":{"add":{"component_groups":["pokemon:croconaw"]}},"pokemon:cyndaquil":{"add":{"component_groups":["pokemon:cyndaquil"]}},"pokemon:delibird":{"add":{"component_groups":["pokemon:delibird"]}},"pokemon:dewgong":{"add":{"component_groups":["pokemon:dewgong"]}},"pokemon:dialga":{"add":{"component_groups":["pokemon:dialga"]}},"pokemon:donphan":{"add":{"component_groups":["pokemon:donphan"]}},"pokemon:dragonair":{"add":{"component_groups":["pokemon:dragonair"]}},"pokemon:dragonite":{"add":{"component_groups":["pokemon:dragonite"]}},"pokemon:dratini":{"add":{"component_groups":["pokemon:dratini"]}},"pokemon:eevee":{"add":{"component_groups":["pokemon:eevee"]}},"pokemon:ekans":{"add":{"component_groups":["pokemon:ekans"]}},"pokemon:electabuzz":{"add":{"component_groups":["pokemon:electabuzz"]}},"pokemon:electivire":{"add":{"component_groups":["pokemon:electivire"]}},"pokemon:elekid":{"add":{"component_groups":["pokemon:elekid"]}},"pokemon:empoleon":{"add":{"component_groups":["pokemon:empoleon"]}},"pokemon:entei":{"add":{"component_groups":["pokemon:entei"]}},"pokemon:espeon":{"add":{"component_groups":["pokemon:espeon"]}},"pokemon:feraligatr":{"add":{"component_groups":["pokemon:feraligatr"]}},"pokemon:flaaffy":{"add":{"component_groups":["pokemon:flaaffy"]}},"pokemon:flareon":{"add":{"component_groups":["pokemon:flareon"]}},"pokemon:floatzel":{"add":{"component_groups":["pokemon:floatzel"]}},"pokemon:forretress":{"add":{"component_groups":["pokemon:forretress"]}},"pokemon:furret":{"add":{"component_groups":["pokemon:furret"]}},"pokemon:gabite":{"add":{"component_groups":["pokemon:gabite"]}},"pokemon:garchomp":{"add":{"component_groups":["pokemon:garchomp"]}},"pokemon:gastly":{"add":{"component_groups":["pokemon:gastly"]}},"pokemon:gastrodon":{"add":{"component_groups":["pokemon:gastrodon"]}},"pokemon:gengar":{"add":{"component_groups":["pokemon:gengar"]}},"pokemon:geodude":{"add":{"component_groups":["pokemon:geodude"]}},"pokemon:gible":{"add":{"component_groups":["pokemon:gible"]}},"pokemon:girafarig":{"add":{"component_groups":["pokemon:girafarig"]}},"pokemon:giratina":{"add":{"component_groups":["pokemon:giratina"]}},"pokemon:glaceon":{"add":{"component_groups":["pokemon:glaceon"]}},"pokemon:gligar":{"add":{"component_groups":["pokemon:gligar"]}},"pokemon:gliscor":{"add":{"component_groups":["pokemon:gliscor"]}},"pokemon:gloom":{"add":{"component_groups":["pokemon:gloom"]}},"pokemon:golbat":{"add":{"component_groups":["pokemon:golbat"]}},"pokemon:goldeen":{"add":{"component_groups":["pokemon:goldeen"]}},"pokemon:golduck":{"add":{"component_groups":["pokemon:golduck"]}},"pokemon:golem":{"add":{"component_groups":["pokemon:golem"]}},"pokemon:graveler":{"add":{"component_groups":["pokemon:graveler"]}},"pokemon:grotle":{"add":{"component_groups":["pokemon:grotle"]}},"pokemon:groudon":{"add":{"component_groups":["pokemon:groudon"]}},"pokemon:growlithe":{"add":{"component_groups":["pokemon:growlithe"]}},"pokemon:gyarados":{"add":{"component_groups":["pokemon:gyarados"]}},"pokemon:haunter":{"add":{"component_groups":["pokemon:haunter"]}},"pokemon:heracross":{"add":{"component_groups":["pokemon:heracross"]}},"pokemon:hitmonchan":{"add":{"component_groups":["pokemon:hitmonchan"]}},"pokemon:hitmonlee":{"add":{"component_groups":["pokemon:hitmonlee"]}},"pokemon:hitmontop":{"add":{"component_groups":["pokemon:hitmontop"]}},"pokemon:hooh":{"add":{"component_groups":["pokemon:hooh"]}},"pokemon:honchkrow":{"add":{"component_groups":["pokemon:honchkrow"]}},"pokemon:hoothoot":{"add":{"component_groups":["pokemon:hoothoot"]}},"pokemon:hoppip":{"add":{"component_groups":["pokemon:hoppip"]}},"pokemon:horsea":{"add":{"component_groups":["pokemon:horsea"]}},"pokemon:houndoom":{"add":{"component_groups":["pokemon:houndoom"]}},"pokemon:houndour":{"add":{"component_groups":["pokemon:houndour"]}},"pokemon:igglybuff":{"add":{"component_groups":["pokemon:igglybuff"]}},"pokemon:infernape":{"add":{"component_groups":["pokemon:infernape"]}},"pokemon:ivysaur":{"add":{"component_groups":["pokemon:ivysaur"]}},"pokemon:jigglypuff":{"add":{"component_groups":["pokemon:jigglypuff"]}},"pokemon:jolteon":{"add":{"component_groups":["pokemon:jolteon"]}},"pokemon:jumpluff":{"add":{"component_groups":["pokemon:jumpluff"]}},"pokemon:jynx":{"add":{"component_groups":["pokemon:jynx"]}},"pokemon:kabuto":{"add":{"component_groups":["pokemon:kabuto"]}},"pokemon:kabutops":{"add":{"component_groups":["pokemon:kabutops"]}},"pokemon:kakuna":{"add":{"component_groups":["pokemon:kakuna"]}},"pokemon:kingdra":{"add":{"component_groups":["pokemon:kingdra"]}},"pokemon:kingler":{"add":{"component_groups":["pokemon:kingler"]}},"pokemon:krabby":{"add":{"component_groups":["pokemon:krabby"]}},"pokemon:kyogre":{"add":{"component_groups":["pokemon:kyogre"]}},"pokemon:lanturn":{"add":{"component_groups":["pokemon:lanturn"]}},"pokemon:lapras":{"add":{"component_groups":["pokemon:lapras"]}},"pokemon:larvitar":{"add":{"component_groups":["pokemon:larvitar"]}},"pokemon:latias":{"add":{"component_groups":["pokemon:latias"]}},"pokemon:latios":{"add":{"component_groups":["pokemon:latios"]}},"pokemon:leafeon":{"add":{"component_groups":["pokemon:leafeon"]}},"pokemon:ledian":{"add":{"component_groups":["pokemon:ledian"]}},"pokemon:ledyba":{"add":{"component_groups":["pokemon:ledyba"]}},"pokemon:lucario":{"add":{"component_groups":["pokemon:lucario"]}},"pokemon:lugia":{"add":{"component_groups":["pokemon:lugia"]}},"pokemon:luxio":{"add":{"component_groups":["pokemon:luxio"]}},"pokemon:luxray":{"add":{"component_groups":["pokemon:luxray"]}},"pokemon:machamp":{"add":{"component_groups":["pokemon:machamp"]}},"pokemon:machoke":{"add":{"component_groups":["pokemon:machoke"]}},"pokemon:machop":{"add":{"component_groups":["pokemon:machop"]}},"pokemon:magby":{"add":{"component_groups":["pokemon:magby"]}},"pokemon:magcargo":{"add":{"component_groups":["pokemon:magcargo"]}},"pokemon:magikarp":{"add":{"component_groups":["pokemon:magikarp"]}},"pokemon:magmar":{"add":{"component_groups":["pokemon:magmar"]}},"pokemon:magmortar":{"add":{"component_groups":["pokemon:magmortar"]}},"pokemon:magnemite":{"add":{"component_groups":["pokemon:magnemite"]}},"pokemon:magneton":{"add":{"component_groups":["pokemon:magneton"]}},"pokemon:magnezone":{"add":{"component_groups":["pokemon:magnezone"]}},"pokemon:mamoswine":{"add":{"component_groups":["pokemon:mamoswine"]}},"pokemon:mankey":{"add":{"component_groups":["pokemon:mankey"]}},"pokemon:mantine":{"add":{"component_groups":["pokemon:mantine"]}},"pokemon:mantyke":{"add":{"component_groups":["pokemon:mantyke"]}},"pokemon:mareep":{"add":{"component_groups":["pokemon:mareep"]}},"pokemon:marill":{"add":{"component_groups":["pokemon:marill"]}},"pokemon:meganium":{"add":{"component_groups":["pokemon:meganium"]}},"pokemon:metapod":{"add":{"component_groups":["pokemon:metapod"]}},"pokemon:mew":{"add":{"component_groups":["pokemon:mew"]}},"pokemon:mewtwo":{"add":{"component_groups":["pokemon:mewtwo"]}},"pokemon:miltank":{"add":{"component_groups":["pokemon:miltank"]}},"pokemon:moltres":{"add":{"component_groups":["pokemon:moltres"]}},"pokemon:monferno":{"add":{"component_groups":["pokemon:monferno"]}},"pokemon:munchlax":{"add":{"component_groups":["pokemon:munchlax"]}},"pokemon:murkrow":{"add":{"component_groups":["pokemon:murkrow"]}},"pokemon:natu":{"add":{"component_groups":["pokemon:natu"]}},"pokemon:noctowl":{"add":{"component_groups":["pokemon:noctowl"]}},"pokemon:octillery":{"add":{"component_groups":["pokemon:octillery"]}},"pokemon:oddish":{"add":{"component_groups":["pokemon:oddish"]}},"pokemon:omanyte":{"add":{"component_groups":["pokemon:omanyte"]}},"pokemon:omastar":{"add":{"component_groups":["pokemon:omastar"]}},"pokemon:onix":{"add":{"component_groups":["pokemon:onix"]}},"pokemon:palkia":{"add":{"component_groups":["pokemon:palkia"]}},"pokemon:phanpy":{"add":{"component_groups":["pokemon:phanpy"]}},"pokemon:pichu":{"add":{"component_groups":["pokemon:pichu"]}},"pokemon:pidgeot":{"add":{"component_groups":["pokemon:pidgeot"]}},"pokemon:pidgeotto":{"add":{"component_groups":["pokemon:pidgeotto"]}},"pokemon:pidgey":{"add":{"component_groups":["pokemon:pidgey"]}},"pokemon:pikachu":{"add":{"component_groups":["pokemon:pikachu"]}},"pokemon:piloswine":{"add":{"component_groups":["pokemon:piloswine"]}},"pokemon:pineco":{"add":{"component_groups":["pokemon:pineco"]}},"pokemon:piplup":{"add":{"component_groups":["pokemon:piplup"]}},"pokemon:politoed":{"add":{"component_groups":["pokemon:politoed"]}},"pokemon:poliwag":{"add":{"component_groups":["pokemon:poliwag"]}},"pokemon:poliwhirl":{"add":{"component_groups":["pokemon:poliwhirl"]}},"pokemon:poliwrath":{"add":{"component_groups":["pokemon:poliwrath"]}},"pokemon:porygon":{"add":{"component_groups":["pokemon:porygon"]}},"pokemon:porygonz":{"add":{"component_groups":["pokemon:porygonz"]}},"pokemon:porygon2":{"add":{"component_groups":["pokemon:porygon2"]}},"pokemon:primeape":{"add":{"component_groups":["pokemon:primeape"]}},"pokemon:prinplup":{"add":{"component_groups":["pokemon:prinplup"]}},"pokemon:psyduck":{"add":{"component_groups":["pokemon:psyduck"]}},"pokemon:pupitar":{"add":{"component_groups":["pokemon:pupitar"]}},"pokemon:quagsire":{"add":{"component_groups":["pokemon:quagsire"]}},"pokemon:quilava":{"add":{"component_groups":["pokemon:quilava"]}},"pokemon:qwilfish":{"add":{"component_groups":["pokemon:qwilfish"]}},"pokemon:raichu":{"add":{"component_groups":["pokemon:raichu"]}},"pokemon:raikou":{"add":{"component_groups":["pokemon:raikou"]}},"pokemon:rayquaza":{"add":{"component_groups":["pokemon:rayquaza"]}},"pokemon:regice":{"add":{"component_groups":["pokemon:regice"]}},"pokemon:regigigas":{"add":{"component_groups":["pokemon:regigigas"]}},"pokemon:regirock":{"add":{"component_groups":["pokemon:regirock"]}},"pokemon:registeel":{"add":{"component_groups":["pokemon:registeel"]}},"pokemon:remoraid":{"add":{"component_groups":["pokemon:remoraid"]}},"pokemon:riolu":{"add":{"component_groups":["pokemon:riolu"]}},"pokemon:scizor":{"add":{"component_groups":["pokemon:scizor"]}},"pokemon:scyther":{"add":{"component_groups":["pokemon:scyther"]}},"pokemon:seadra":{"add":{"component_groups":["pokemon:seadra"]}},"pokemon:seaking":{"add":{"component_groups":["pokemon:seaking"]}},"pokemon:seel":{"add":{"component_groups":["pokemon:seel"]}},"pokemon:sentret":{"add":{"component_groups":["pokemon:sentret"]}},"pokemon:shellder":{"add":{"component_groups":["pokemon:shellder"]}},"pokemon:shinx":{"add":{"component_groups":["pokemon:shinx"]}},"pokemon:shuckle":{"add":{"component_groups":["pokemon:shuckle"]}},"pokemon:skarmory":{"add":{"component_groups":["pokemon:skarmory"]}},"pokemon:skiploom":{"add":{"component_groups":["pokemon:skiploom"]}},"pokemon:slowbro":{"add":{"component_groups":["pokemon:slowbro"]}},"pokemon:slowking":{"add":{"component_groups":["pokemon:slowking"]}},"pokemon:slowpoke":{"add":{"component_groups":["pokemon:slowpoke"]}},"pokemon:slugma":{"add":{"component_groups":["pokemon:slugma"]}},"pokemon:smeargle":{"add":{"component_groups":["pokemon:smeargle"]}},"pokemon:smoochum":{"add":{"component_groups":["pokemon:smoochum"]}},"pokemon:sneasel":{"add":{"component_groups":["pokemon:sneasel"]}},"pokemon:snorlax":{"add":{"component_groups":["pokemon:snorlax"]}},"pokemon:spinarak":{"add":{"component_groups":["pokemon:spinarak"]}},"pokemon:squirtle":{"add":{"component_groups":["pokemon:squirtle"]}},"pokemon:stantler":{"add":{"component_groups":["pokemon:stantler"]}},"pokemon:starmie":{"add":{"component_groups":["pokemon:starmie"]}},"pokemon:staryu":{"add":{"component_groups":["pokemon:staryu"]}},"pokemon:steelix":{"add":{"component_groups":["pokemon:steelix"]}},"pokemon:sudowoodo":{"add":{"component_groups":["pokemon:sudowoodo"]}},"pokemon:suicune":{"add":{"component_groups":["pokemon:suicune"]}},"pokemon:swinub":{"add":{"component_groups":["pokemon:swinub"]}},"pokemon:sylveon":{"add":{"component_groups":["pokemon:sylveon"]}},"pokemon:teddiursa":{"add":{"component_groups":["pokemon:teddiursa"]}},"pokemon:tentacool":{"add":{"component_groups":["pokemon:tentacool"]}},"pokemon:tentacruel":{"add":{"component_groups":["pokemon:tentacruel"]}},"pokemon:togekiss":{"add":{"component_groups":["pokemon:togekiss"]}},"pokemon:togepi":{"add":{"component_groups":["pokemon:togepi"]}},"pokemon:togetic":{"add":{"component_groups":["pokemon:togetic"]}},"pokemon:torterra":{"add":{"component_groups":["pokemon:torterra"]}},"pokemon:totodile":{"add":{"component_groups":["pokemon:totodile"]}},"pokemon:turtwig":{"add":{"component_groups":["pokemon:turtwig"]}},"pokemon:typhlosion":{"add":{"component_groups":["pokemon:typhlosion"]}},"pokemon:tyranitar":{"add":{"component_groups":["pokemon:tyranitar"]}},"pokemon:tyrogue":{"add":{"component_groups":["pokemon:tyrogue"]}},"pokemon:umbreon":{"add":{"component_groups":["pokemon:umbreon"]}},"pokemon:ursaring":{"add":{"component_groups":["pokemon:ursaring"]}},"pokemon:vaporeon":{"add":{"component_groups":["pokemon:vaporeon"]}},"pokemon:venusaur":{"add":{"component_groups":["pokemon:venusaur"]}},"pokemon:vileplume":{"add":{"component_groups":["pokemon:vileplume"]}},"pokemon:wartortle":{"add":{"component_groups":["pokemon:wartortle"]}},"pokemon:weavile":{"add":{"component_groups":["pokemon:weavile"]}},"pokemon:weedle":{"add":{"component_groups":["pokemon:weedle"]}},"pokemon:wigglytuff":{"add":{"component_groups":["pokemon:wigglytuff"]}},"pokemon:wooper":{"add":{"component_groups":["pokemon:wooper"]}},"pokemon:xatu":{"add":{"component_groups":["pokemon:xatu"]}},"pokemon:zapdos":{"add":{"component_groups":["pokemon:zapdos"]}},"pokemon:zubat":{"add":{"component_groups":["pokemon:zubat"]}},"pokemon:abra":{"add":{"component_groups":["pokemon:abra"]}},"pokemon:alakazam":{"add":{"component_groups":["pokemon:alakazam"]}},"pokemon:kadabra":{"add":{"component_groups":["pokemon:kadabra"]}},"pokemon:chansey":{"add":{"component_groups":["pokemon:chansey"]}},"pokemon:exeggcute":{"add":{"component_groups":["pokemon:exeggcute"]}},"pokemon:exeggutor":{"add":{"component_groups":["pokemon:exeggutor"]}},"pokemon:farfetchd":{"add":{"component_groups":["pokemon:farfetchd"]}},"pokemon:kangaskhan":{"add":{"component_groups":["pokemon:kangaskhan"]}},"pokemon:koffing":{"add":{"component_groups":["pokemon:koffing"]}},"pokemon:weezing":{"add":{"component_groups":["pokemon:weezing"]}},"pokemon:lickitung":{"add":{"component_groups":["pokemon:lickitung"]}},"pokemon:mrmime":{"add":{"component_groups":["pokemon:mrmime"]}},"pokemon:pinsir":{"add":{"component_groups":["pokemon:pinsir"]}},"pokemon:sandslash":{"add":{"component_groups":["pokemon:sandslash"]}},"pokemon:sandshrew":{"add":{"component_groups":["pokemon:sandshrew"]}},"pokemon:tangela":{"add":{"component_groups":["pokemon:tangela"]}},"pokemon:tauros":{"add":{"component_groups":["pokemon:tauros"]}},"pokemon:drowzee":{"add":{"component_groups":["pokemon:drowzee"]}},"pokemon:hypno":{"add":{"component_groups":["pokemon:hypno"]}},"pokemon:paras":{"add":{"component_groups":["pokemon:paras"]}},"pokemon:parasect":{"add":{"component_groups":["pokemon:parasect"]}},"pokemon:venomoth":{"add":{"component_groups":["pokemon:venomoth"]}},"pokemon:venonat":{"add":{"component_groups":["pokemon:venonat"]}},"pokemon:vulpix":{"add":{"component_groups":["pokemon:vulpix"]}},"pokemon:ninetales":{"add":{"component_groups":["pokemon:ninetales"]}},"pokemon:lileep":{"add":{"component_groups":["pokemon:lileep"]}},"pokemon:cradily":{"add":{"component_groups":["pokemon:cradily"]}},"pokemon:petilil":{"add":{"component_groups":["pokemon:petilil"]}},"pokemon:swadloon":{"add":{"component_groups":["pokemon:swadloon"]}},"pokemon:sewaddle":{"add":{"component_groups":["pokemon:sewaddle"]}},"pokemon:jirachi":{"add":{"component_groups":["pokemon:jirachi"]}},"pokemon:cosmog":{"add":{"component_groups":["pokemon:cosmog"]}},"pokemon:axew":{"add":{"component_groups":["pokemon:axew"]}},"pokemon:azelf":{"add":{"component_groups":["pokemon:azelf"]}},"pokemon:blaziken":{"add":{"component_groups":["pokemon:blaziken"]}},"pokemon:combusken":{"add":{"component_groups":["pokemon:combusken"]}},"pokemon:fraxure":{"add":{"component_groups":["pokemon:fraxure"]}},"pokemon:grovyle":{"add":{"component_groups":["pokemon:grovyle"]}},"pokemon:haxorus":{"add":{"component_groups":["pokemon:haxorus"]}},"pokemon:lunala":{"add":{"component_groups":["pokemon:lunala"]}},"pokemon:marshtomp":{"add":{"component_groups":["pokemon:marshtomp"]}},"pokemon:mesprit":{"add":{"component_groups":["pokemon:mesprit"]}},"pokemon:mudkip":{"add":{"component_groups":["pokemon:mudkip"]}},"pokemon:sableye":{"add":{"component_groups":["pokemon:sableye"]}},"pokemon:sceptile":{"add":{"component_groups":["pokemon:sceptile"]}},"pokemon:swampert":{"add":{"component_groups":["pokemon:swampert"]}},"pokemon:torchic":{"add":{"component_groups":["pokemon:torchic"]}},"pokemon:treecko":{"add":{"component_groups":["pokemon:treecko"]}},"pokemon:tyrunt":{"add":{"component_groups":["pokemon:tyrunt"]}},"pokemon:uxie":{"add":{"component_groups":["pokemon:uxie"]}},"pokemon:diglett":{"add":{"component_groups":["pokemon:diglett"]}},"pokemon:dugtrio":{"add":{"component_groups":["pokemon:dugtrio"]}},"pokemon:electrode":{"add":{"component_groups":["pokemon:electrode"]}},"pokemon:voltorb":{"add":{"component_groups":["pokemon:voltorb"]}},"pokemon:dewott":{"add":{"component_groups":["pokemon:dewott"]}},"pokemon:oshawott":{"add":{"component_groups":["pokemon:oshawott"]}},"pokemon:samurott":{"add":{"component_groups":["pokemon:samurott"]}},"pokemon:serperior":{"add":{"component_groups":["pokemon:serperior"]}},"pokemon:servine":{"add":{"component_groups":["pokemon:servine"]}},"pokemon:snivy":{"add":{"component_groups":["pokemon:snivy"]}},"pokemon:emboar":{"add":{"component_groups":["pokemon:emboar"]}},"pokemon:pignite":{"add":{"component_groups":["pokemon:pignite"]}},"pokemon:tepig":{"add":{"component_groups":["pokemon:tepig"]}},"pokemon:chesnaught":{"add":{"component_groups":["pokemon:chesnaught"]}},"pokemon:chespin":{"add":{"component_groups":["pokemon:chespin"]}},"pokemon:quilladin":{"add":{"component_groups":["pokemon:quilladin"]}},"pokemon:braixen":{"add":{"component_groups":["pokemon:braixen"]}},"pokemon:delphox":{"add":{"component_groups":["pokemon:delphox"]}},"pokemon:fennekin":{"add":{"component_groups":["pokemon:fennekin"]}},"pokemon:froakie":{"add":{"component_groups":["pokemon:froakie"]}},"pokemon:frogadier":{"add":{"component_groups":["pokemon:frogadier"]}},"pokemon:greninja":{"add":{"component_groups":["pokemon:greninja"]}},"pokemon:incineroar":{"add":{"component_groups":["pokemon:incineroar"]}},"pokemon:litten":{"add":{"component_groups":["pokemon:litten"]}},"pokemon:torracat":{"add":{"component_groups":["pokemon:torracat"]}},"pokemon:brionne":{"add":{"component_groups":["pokemon:brionne"]}},"pokemon:popplio":{"add":{"component_groups":["pokemon:popplio"]}},"pokemon:primarina":{"add":{"component_groups":["pokemon:primarina"]}},"pokemon:dartrix":{"add":{"component_groups":["pokemon:dartrix"]}},"pokemon:decidueye":{"add":{"component_groups":["pokemon:decidueye"]}},"pokemon:rowlet":{"add":{"component_groups":["pokemon:rowlet"]}},"pokemon:grookey":{"add":{"component_groups":["pokemon:grookey"]}},"pokemon:rillaboom":{"add":{"component_groups":["pokemon:rillaboom"]}},"pokemon:thwackey":{"add":{"component_groups":["pokemon:thwackey"]}},"pokemon:drizzile":{"add":{"component_groups":["pokemon:drizzile"]}},"pokemon:inteleon":{"add":{"component_groups":["pokemon:inteleon"]}},"pokemon:sobble":{"add":{"component_groups":["pokemon:sobble"]}},"pokemon:crocalor":{"add":{"component_groups":["pokemon:crocalor"]}},"pokemon:fuecoco":{"add":{"component_groups":["pokemon:fuecoco"]}},"pokemon:skeledirge":{"add":{"component_groups":["pokemon:skeledirge"]}},"pokemon:quaquaval":{"add":{"component_groups":["pokemon:quaquaval"]}},"pokemon:quaxwell":{"add":{"component_groups":["pokemon:quaxwell"]}},"pokemon:quaxly":{"add":{"component_groups":["pokemon:quaxly"]}},"pokemon:floragato":{"add":{"component_groups":["pokemon:floragato"]}},"pokemon:meowscarada":{"add":{"component_groups":["pokemon:meowscarada"]}},"pokemon:sprigatito":{"add":{"component_groups":["pokemon:sprigatito"]}},"pokemon:ditto":{"add":{"component_groups":["pokemon:ditto"]}},"pokemon:meowth":{"add":{"component_groups":["pokemon:meowth"]}},"pokemon:persian":{"add":{"component_groups":["pokemon:persian"]}},"pokemon:nidoking":{"add":{"component_groups":["pokemon:nidoking"]}},"pokemon:nidoranm":{"add":{"component_groups":["pokemon:nidoranm"]}},"pokemon:nidorino":{"add":{"component_groups":["pokemon:nidorino"]}},"pokemon:nidoqueen":{"add":{"component_groups":["pokemon:nidoqueen"]}},"pokemon:nidoranf":{"add":{"component_groups":["pokemon:nidoranf"]}},"pokemon:nidorina":{"add":{"component_groups":["pokemon:nidorina"]}},"pokemon:scorbunny":{"add":{"component_groups":["pokemon:scorbunny"]}},"pokemon:raboot":{"add":{"component_groups":["pokemon:raboot"]}},"pokemon:cinderace":{"add":{"component_groups":["pokemon:cinderace"]}},"pokemon:larvesta":{"add":{"component_groups":["pokemon:larvesta"]}},"pokemon:ironmoth":{"add":{"component_groups":["pokemon:ironmoth"]}},"pokemon:volcarona":{"add":{"component_groups":["pokemon:volcarona"]}},"pokemon:slitherwing":{"add":{"component_groups":["pokemon:slitherwing"]}},"pokemon:xurkitree":{"add":{"component_groups":["pokemon:xurkitree"]}},"pokemon:toedscool":{"add":{"component_groups":["pokemon:toedscool"]}},"pokemon:tapukoko":{"add":{"component_groups":["pokemon:tapukoko"]}},"pokemon:toedscruel":{"add":{"component_groups":["pokemon:toedscruel"]}},"pokemon:ralts":{"add":{"component_groups":["pokemon:ralts"]}},"pokemon:gardevoir":{"add":{"component_groups":["pokemon:gardevoir"]}},"pokemon:kirlia":{"add":{"component_groups":["pokemon:kirlia"]}},"pokemon:trapinch":{"add":{"component_groups":["pokemon:trapinch"]}},"pokemon:flygon":{"add":{"component_groups":["pokemon:flygon"]}},"pokemon:vibrava":{"add":{"component_groups":["pokemon:vibrava"]}},"pokemon:pawmi":{"add":{"component_groups":["pokemon:pawmi"]}},"pokemon:pawmot":{"add":{"component_groups":["pokemon:pawmot"]}},"pokemon:breloom":{"add":{"component_groups":["pokemon:breloom"]}},"pokemon:cinccino":{"add":{"component_groups":["pokemon:cinccino"]}},"pokemon:minccino":{"add":{"component_groups":["pokemon:minccino"]}},"pokemon:misdreavus":{"add":{"component_groups":["pokemon:misdreavus"]}},"pokemon:sharpedo":{"add":{"component_groups":["pokemon:sharpedo"]}},"pokemon:carvanha":{"add":{"component_groups":["pokemon:carvanha"]}},"pokemon:vivillon":{"add":{"component_groups":["pokemon:vivillon"]}},"pokemon:roaringmoon":{"add":{"component_groups":["pokemon:roaringmoon"]}},"pokemon:beldum":{"add":{"component_groups":["pokemon:beldum"]}},"pokemon:metagross":{"add":{"component_groups":["pokemon:metagross"]}},"pokemon:metang":{"add":{"component_groups":["pokemon:metang"]}},"pokemon:shroomish":{"add":{"component_groups":["pokemon:shroomish"]}},"pokemon:meowstic":{"add":{"component_groups":["pokemon:meowstic"]}},"pokemon:meowsticf":{"add":{"component_groups":["pokemon:meowsticf"]}},"pokemon:wailord":{"add":{"component_groups":["pokemon:wailord"]}},"pokemon:wailmer":{"add":{"component_groups":["pokemon:wailmer"]}},"pokemon:mareanie":{"add":{"component_groups":["pokemon:mareanie"]}},"pokemon:toxapex":{"add":{"component_groups":["pokemon:toxapex"]}},"pokemon:yveltal":{"add":{"component_groups":["pokemon:yveltal"]}},"pokemon:armaldo":{"add":{"component_groups":["pokemon:armaldo"]}},"pokemon:taillow":{"add":{"component_groups":["pokemon:taillow"]}},"pokemon:mimikyu":{"add":{"component_groups":["pokemon:mimikyu"]}},"pokemon:swellow":{"add":{"component_groups":["pokemon:swellow"]}},"pokemon:spheal":{"add":{"component_groups":["pokemon:spheal"]}},"pokemon:xerneas":{"add":{"component_groups":["pokemon:xerneas"]}},"pokemon:pikipek":{"add":{"component_groups":["pokemon:pikipek"]}},"pokemon:trumbeak":{"add":{"component_groups":["pokemon:trumbeak"]}},"pokemon:toucannon":{"add":{"component_groups":["pokemon:toucannon"]}},"pokemon:scatterbug":{"add":{"component_groups":["pokemon:scatterbug"]}},"pokemon:spewpa":{"add":{"component_groups":["pokemon:spewpa"]}},"pokemon:applin":{"add":{"component_groups":["pokemon:applin"]}},"pokemon:doduo":{"add":{"component_groups":["pokemon:doduo"]}},"pokemon:dodrio":{"add":{"component_groups":["pokemon:dodrio"]}},"pokemon:zekrom":{"add":{"component_groups":["pokemon:zekrom"]}},"pokemon:reshiram":{"add":{"component_groups":["pokemon:reshiram"]}},"pokemon:zigzagoon":{"add":{"component_groups":["pokemon:zigzagoon"]}},"pokemon:linoone":{"add":{"component_groups":["pokemon:linoone"]}},"pokemon:amaura":{"add":{"component_groups":["pokemon:amaura"]}}},"components":{"minecraft:projectile":{}}}}