{
  "format_version": "1.19.30",
  "minecraft:entity": {
    "description": {
      "identifier": "pokeb:trainer",
      "is_spawnable": true,
      "is_summonable": true,
      "is_experimental": false
    },
    "components": {
      "minecraft:damage_sensor": {
        "triggers": {
          "cause": "all",
          "deals_damage": false
        }
      },
      "minecraft:type_family": {
        "family": ["npc", "mob"]
      },
      "minecraft:fire_immune": true,
      "minecraft:movement": {
        "value": 0.5
      },
      "minecraft:movement.basic": {},
      "minecraft:behavior.random_stroll": {
        "priority": 11,
        "speed_multiplier": 0.6
      },
      "minecraft:navigation.walk": {
        "can_path_over_water": true,
        "can_pass_doors": true,
        "can_open_doors": true,
        "avoid_water": true
      },
      "minecraft:loot": {
        "table": "loot_tables/empty.json"
      },
      "minecraft:collision_box": {
        "width": 1,
        "height": 2
      },
      "minecraft:skin_id": {
        "value": 0
      },
      "minecraft:behavior.look_at_player": {
        "priority": 9,
        "look_distance": 8,
        "probability": 0.02
      },
      "minecraft:persistent": {},
      "minecraft:nameable": {
        "always_show": true,
        "allow_name_tag_renaming": false
      },
      "minecraft:physics": {},
      "minecraft:interact": {
        "interactions": [
          {
            "on_interact": {
              "event": "engine:interact_with_trainer",
              "target": "other"
            },
            "swing": true
          }
        ]
      }
    }
  }
}
